[2026-09-17T13:26:54.509Z][INFO] Command-line: /Applications/Unity/Hub/Editor/6000.6.1f1/Unity.app/Contents/Helpers/PackageManager/Server/UnityPackageManager server -s 68133 --ipc-path /tmp/Unity-Upm-68133.sock -l 2 --log-file '/Users/salwaadhani/My project/Logs/upm.log'
[2026-09-17T13:26:54.520Z][INFO] IPC server started (IPC path=/tmp/Unity-Upm-68133.sock).
[2026-09-17T13:26:54.520Z][INFO] Hint: To connect to this UPM instance, launch Unity with the command-line parameter -upmIpcPath Upm-68133.
[2026-09-17T13:26:55.588Z][INFO] project:list-packages <-- Request received
params: {}
[2026-09-17T13:26:55.847Z][INFO] project:list-packages --> 200 (259 ms)
[2026-09-17T13:26:56.131Z][INFO] config:project:get-registries <-- Request received
params: {}
[2026-09-17T13:26:56.133Z][INFO] config:project:get-registries --> 200 (2 ms)
[2026-09-17T13:26:56.142Z][INFO] project:list-packages <-- Request received
params: {}
[2026-09-17T13:26:56.175Z][INFO] project:list-packages --> 200 (33 ms)
[2026-09-17T13:26:56.175Z][INFO] project:update-dependencies <-- Request received
params: {}
[2026-09-17T13:26:56.192Z][INFO] project:update-dependencies --> 200 (17 ms)
[2026-09-17T13:26:56.263Z][INFO] project:resolve-packages <-- Request received
params: {}
[2026-09-17T13:27:06.096Z][WARN] Requested version [4.9.3] for package [com.unity.searcher] overridden by minimum version [4.9.5].
[2026-09-17T13:27:06.096Z][INFO] project:resolve-packages --> 200 (9833 ms)
[2026-09-17T13:27:18.481Z][INFO] project:list-packages <-- Request received
params: {}
[2026-09-17T13:27:18.514Z][INFO] project:list-packages <-- Request received
params: {}
[2026-09-17T13:27:18.611Z][INFO] project:list-packages <-- Request received
params: {}
[2026-09-17T13:27:18.641Z][INFO] project:list-packages --> 200 (160 ms)
[2026-09-17T13:27:18.641Z][INFO] project:list-packages --> 200 (127 ms)
[2026-09-17T13:27:18.657Z][INFO] config:project:get-registries <-- Request received
params: {}
[2026-09-17T13:27:18.661Z][INFO] config:project:get-registries --> 200 (5 ms)
[2026-09-17T13:27:18.673Z][INFO] project:list-packages --> 200 (62 ms)
[2026-09-17T13:27:25.254Z][INFO] project:list-packages <-- Request received
params: {}
[2026-09-17T13:27:25.289Z][INFO] project:list-packages <-- Request received
params: {}
[2026-09-17T13:27:25.295Z][INFO] project:list-packages --> 200 (41 ms)
[2026-09-17T13:27:25.326Z][INFO] project:list-packages --> 200 (37 ms)
[2026-09-17T13:27:39.117Z][INFO] project:list-packages <-- Request received
params: {}
[2026-09-17T13:27:39.128Z][INFO] packages:get-all-packageinfo <-- Request received
params: {}
[2026-09-17T13:27:39.139Z][INFO] packages:get-all-packageinfo <-- Request received
params: {}
[2026-09-17T13:27:39.151Z][INFO] project:list-packages <-- Request received
params: {}
[2026-09-17T13:27:39.162Z][INFO] project:list-packages <-- Request received
params: {}
[2026-09-17T13:27:39.235Z][INFO] project:resolve-packages <-- Request received
params: {}
[2026-09-17T13:27:42.378Z][INFO] packages:get-all-packageinfo --> 200 (3239 ms)
[2026-09-17T13:27:45.085Z][INFO] project:list-packages --> 200 (5968 ms)
[2026-09-17T13:27:45.086Z][INFO] project:list-packages --> 200 (5935 ms)
[2026-09-17T13:27:45.086Z][INFO] project:list-packages --> 200 (5924 ms)
[2026-09-17T13:27:45.468Z][INFO] packages:get-all-packageinfo --> 200 (6340 ms)
[2026-09-17T13:27:46.111Z][INFO] Downloading package [com.unity.ai.assistant@2.9.0-pre.2] from registry 'https://packages.unity.com'
[2026-09-17T13:27:46.112Z][INFO] Downloading package [com.unity.ai.inference@2.3.0] from registry 'https://packages.unity.com'
[2026-09-17T13:27:46.112Z][INFO] Downloading package [com.unity.cloud.gltfast@6.14.1] from registry 'https://packages.unity.com'
[2026-09-17T13:27:50.642Z][INFO] Finished downloading package [com.unity.cloud.gltfast@6.14.1] from registry 'https://packages.unity.com' (size: 2.16 MB, time: 4.5s)
[2026-09-17T13:27:50.888Z][INFO] Finished downloading package [com.unity.ai.inference@2.3.0] from registry 'https://packages.unity.com' (size: 3.33 MB, time: 4.7s)
[2026-09-17T13:28:36.650Z][INFO] Finished downloading package [com.unity.ai.assistant@2.9.0-pre.2] from registry 'https://packages.unity.com' (size: 255 MB, time: 50.5s)
[2026-09-17T13:28:40.904Z][WARN] Requested version [1.3.1] for package [com.unity.dt.app-ui] overridden by minimum version [2.1.11].
[2026-09-17T13:28:40.904Z][WARN] Requested version [3.2.1] for package [com.unity.nuget.newtonsoft-json] overridden by minimum version [3.2.2].
[2026-09-17T13:28:40.904Z][WARN] Requested version [4.9.3] for package [com.unity.searcher] overridden by minimum version [4.9.5].
[2026-09-17T13:28:40.904Z][INFO] project:resolve-packages --> 200 (61669 ms)
[2026-09-17T13:28:41.109Z][INFO] config:project:get-registries <-- Request received
params: {}
[2026-09-17T13:28:41.111Z][INFO] config:project:get-registries --> 200 (2 ms)
[2026-09-17T13:28:41.121Z][INFO] project:list-packages <-- Request received
params: {}
[2026-09-17T13:28:41.438Z][INFO] project:list-packages --> 200 (317 ms)
[2026-09-17T13:29:10.497Z][INFO] project:list-packages <-- Request received
params: {}
[2026-09-17T13:29:10.620Z][INFO] project:list-packages <-- Request received
params: {}
[2026-09-17T13:29:10.651Z][INFO] project:list-packages --> 200 (158 ms)
[2026-09-17T13:29:11.353Z][INFO] packages:get-all-packageinfo <-- Request received
params: {}
[2026-09-17T13:29:11.364Z][INFO] project:list-packages <-- Request received
params: {}
[2026-09-17T13:29:11.375Z][INFO] packages:get-packageinfo <-- Request received
params: {
  "packageId": "com.unity.addressables@2.11.2"
}
[2026-09-17T13:29:11.387Z][INFO] packages:get-packageinfo <-- Request received
params: {
  "packageId": "com.unity.ads.ios-support@1.0.1"
}
[2026-09-17T13:29:11.397Z][INFO] packages:get-packageinfo <-- Request received
params: {
  "packageId": "com.unity.project-auditor-rules@1.0.3"
}
[2026-09-17T13:29:11.408Z][INFO] packages:get-packageinfo <-- Request received
params: {
  "packageId": "com.unity.scriptablebuildpipeline@3.0.3"
}
[2026-09-17T13:29:11.418Z][INFO] packages:get-packageinfo <-- Request received
params: {
  "packageId": "com.unity.services.friends@1.1.1"
}
[2026-09-17T13:29:11.461Z][INFO] project:list-packages <-- Request received
params: {}
[2026-09-17T13:29:11.472Z][INFO] packages:get-packageinfo <-- Request received
params: {
  "packageId": "com.unity.services.moderation@1.0.2"
}
[2026-09-17T13:29:11.483Z][INFO] packages:get-packageinfo <-- Request received
params: {
  "packageId": "com.unity.xr.compositionlayers@2.5.0"
}
[2026-09-17T13:29:11.756Z][INFO] packages:get-packageinfo --> 200 (381 ms)
[2026-09-17T13:29:11.952Z][INFO] packages:get-packageinfo --> 200 (555 ms)
[2026-09-17T13:29:11.958Z][INFO] packages:get-packageinfo --> 200 (571 ms)
[2026-09-17T13:29:11.963Z][INFO] packages:get-packageinfo --> 200 (555 ms)
[2026-09-17T13:29:12.072Z][INFO] packages:get-packageinfo --> 200 (654 ms)
[2026-09-17T13:29:12.073Z][INFO] packages:get-packageinfo --> 200 (601 ms)
[2026-09-17T13:29:12.076Z][INFO] packages:get-packageinfo --> 200 (593 ms)
[2026-09-17T13:29:15.437Z][INFO] packages:get-all-packageinfo --> 200 (4084 ms)
[2026-09-17T13:29:16.244Z][INFO] project:list-packages --> 200 (5624 ms)
[2026-09-17T13:29:16.244Z][INFO] project:list-packages --> 200 (4783 ms)
[2026-09-17T13:29:16.244Z][INFO] project:list-packages --> 200 (4880 ms)
[2026-09-17T14:34:22.860Z][INFO] project:list-packages <-- Request received
params: {}
[2026-09-17T14:34:23.452Z][INFO] project:list-packages <-- Request received
params: {}
[2026-09-17T14:34:27.055Z][INFO] project:list-packages <-- Request received
params: {}
[2026-09-17T14:34:27.157Z][INFO] project:list-packages --> 200 (4298 ms)
[2026-09-17T14:34:27.157Z][INFO] project:list-packages --> 200 (3705 ms)
[2026-09-17T14:34:27.181Z][INFO] project:list-packages --> 200 (126 ms)
[2026-09-17T14:34:27.749Z][INFO] project:list-packages <-- Request received
params: {}
[2026-09-17T14:34:27.822Z][INFO] project:list-packages --> 200 (73 ms)
[2026-09-17T16:34:17.387Z][INFO] project:list-packages <-- Request received
params: {}
[2026-09-17T16:34:17.887Z][INFO] project:list-packages <-- Request received
params: {}
[2026-09-17T16:34:22.473Z][INFO] project:list-packages <-- Request received
params: {}
[2026-09-17T16:34:22.882Z][INFO] project:list-packages <-- Request received
params: {}
[2026-09-17T16:34:27.571Z][INFO] project:list-packages <-- Request received
params: {}
[2026-09-17T16:34:28.178Z][INFO] project:list-packages <-- Request received
params: {}
[2026-09-17T16:34:32.673Z][INFO] project:list-packages <-- Request received
params: {}
[2026-09-17T16:34:47.421Z][ERROR] Error: Cannot connect to 'packages.unity.com' (error code: ENOTFOUND). Check your internet connection and verify that your environment firewall policies allow connection to this host name. If your system is behind a proxy, verify your proxy environment variables (HTTP_PROXY and HTTPS_PROXY) are properly set.
[2026-09-17T16:35:36.627Z][ERROR] Error: Cannot connect to 'packages.unity.com' (error code: ENOTFOUND). Check your internet connection and verify that your environment firewall policies allow connection to this host name. If your system is behind a proxy, verify your proxy environment variables (HTTP_PROXY and HTTPS_PROXY) are properly set.
[2026-09-17T16:35:36.629Z][ERROR] Error: Cannot connect to 'packages.unity.com' (error code: ENOTFOUND). Check your internet connection and verify that your environment firewall policies allow connection to this host name. If your system is behind a proxy, verify your proxy environment variables (HTTP_PROXY and HTTPS_PROXY) are properly set.
[2026-09-17T16:36:06.629Z][ERROR] Error: Cannot connect to 'packages.unity.com' (error code: ENOTFOUND). Check your internet connection and verify that your environment firewall policies allow connection to this host name. If your system is behind a proxy, verify your proxy environment variables (HTTP_PROXY and HTTPS_PROXY) are properly set.
[2026-09-17T16:36:06.631Z][ERROR] Error: Cannot connect to 'packages.unity.com' (error code: ENOTFOUND). Check your internet connection and verify that your environment firewall policies allow connection to this host name. If your system is behind a proxy, verify your proxy environment variables (HTTP_PROXY and HTTPS_PROXY) are properly set.
[2026-09-17T16:38:08.511Z][ERROR] Error: Cannot connect to 'packages.unity.com' (error code: ENOTFOUND). Check your internet connection and verify that your environment firewall policies allow connection to this host name. If your system is behind a proxy, verify your proxy environment variables (HTTP_PROXY and HTTPS_PROXY) are properly set.
[2026-09-17T16:38:08.513Z][ERROR] Error: Cannot connect to 'packages.unity.com' (error code: ENOTFOUND). Check your internet connection and verify that your environment firewall policies allow connection to this host name. If your system is behind a proxy, verify your proxy environment variables (HTTP_PROXY and HTTPS_PROXY) are properly set.
[2026-09-17T16:42:06.832Z][ERROR] Error: Cannot connect to 'packages.unity.com' (error code: ENOTFOUND). Check your internet connection and verify that your environment firewall policies allow connection to this host name. If your system is behind a proxy, verify your proxy environment variables (HTTP_PROXY and HTTPS_PROXY) are properly set.
[2026-09-17T16:42:06.832Z][ERROR] Error: Cannot connect to 'packages.unity.com' (error code: ENOTFOUND). Check your internet connection and verify that your environment firewall policies allow connection to this host name. If your system is behind a proxy, verify your proxy environment variables (HTTP_PROXY and HTTPS_PROXY) are properly set.
[2026-09-17T16:42:06.843Z][ERROR] Error: Cannot connect to 'packages.unity.com' (error code: ENOTFOUND). Check your internet connection and verify that your environment firewall policies allow connection to this host name. If your system is behind a proxy, verify your proxy environment variables (HTTP_PROXY and HTTPS_PROXY) are properly set.
[2026-09-17T16:42:06.861Z][ERROR] Error: Cannot connect to 'packages.unity.com' (error code: ENOTFOUND). Check your internet connection and verify that your environment firewall policies allow connection to this host name. If your system is behind a proxy, verify your proxy environment variables (HTTP_PROXY and HTTPS_PROXY) are properly set.
[2026-09-17T16:42:06.867Z][ERROR] Error: Cannot connect to 'packages.unity.com' (error code: ENOTFOUND). Check your internet connection and verify that your environment firewall policies allow connection to this host name. If your system is behind a proxy, verify your proxy environment variables (HTTP_PROXY and HTTPS_PROXY) are properly set.
[2026-09-17T16:42:06.872Z][ERROR] Error: Cannot connect to 'packages.unity.com' (error code: ENOTFOUND). Check your internet connection and verify that your environment firewall policies allow connection to this host name. If your system is behind a proxy, verify your proxy environment variables (HTTP_PROXY and HTTPS_PROXY) are properly set.
[2026-09-17T16:42:06.880Z][ERROR] Error: Cannot connect to 'packages.unity.com' (error code: ENOTFOUND). Check your internet connection and verify that your environment firewall policies allow connection to this host name. If your system is behind a proxy, verify your proxy environment variables (HTTP_PROXY and HTTPS_PROXY) are properly set.
[2026-09-17T16:42:06.883Z][ERROR] Error: Cannot connect to 'packages.unity.com' (error code: ENOTFOUND). Check your internet connection and verify that your environment firewall policies allow connection to this host name. If your system is behind a proxy, verify your proxy environment variables (HTTP_PROXY and HTTPS_PROXY) are properly set.
[2026-09-17T16:42:06.886Z][ERROR] Error: Cannot connect to 'packages.unity.com' (error code: ENOTFOUND). Check your internet connection and verify that your environment firewall policies allow connection to this host name. If your system is behind a proxy, verify your proxy environment variables (HTTP_PROXY and HTTPS_PROXY) are properly set.
[2026-09-17T16:42:06.888Z][ERROR] Error: Cannot connect to 'packages.unity.com' (error code: ENOTFOUND). Check your internet connection and verify that your environment firewall policies allow connection to this host name. If your system is behind a proxy, verify your proxy environment variables (HTTP_PROXY and HTTPS_PROXY) are properly set.
[2026-09-17T16:42:06.892Z][ERROR] Error: Cannot connect to 'packages.unity.com' (error code: ENOTFOUND). Check your internet connection and verify that your environment firewall policies allow connection to this host name. If your system is behind a proxy, verify your proxy environment variables (HTTP_PROXY and HTTPS_PROXY) are properly set.
[2026-09-17T16:42:06.892Z][ERROR] Error: Cannot connect to 'packages.unity.com' (error code: ENOTFOUND). Check your internet connection and verify that your environment firewall policies allow connection to this host name. If your system is behind a proxy, verify your proxy environment variables (HTTP_PROXY and HTTPS_PROXY) are properly set.
[2026-09-17T16:42:06.895Z][ERROR] Error: Cannot connect to 'packages.unity.com' (error code: ENOTFOUND). Check your internet connection and verify that your environment firewall policies allow connection to this host name. If your system is behind a proxy, verify your proxy environment variables (HTTP_PROXY and HTTPS_PROXY) are properly set.
[2026-09-17T16:42:06.896Z][ERROR] Error: Cannot connect to 'packages.unity.com' (error code: ENOTFOUND). Check your internet connection and verify that your environment firewall policies allow connection to this host name. If your system is behind a proxy, verify your proxy environment variables (HTTP_PROXY and HTTPS_PROXY) are properly set.
[2026-09-17T16:42:06.899Z][ERROR] Error: Cannot connect to 'packages.unity.com' (error code: ENOTFOUND). Check your internet connection and verify that your environment firewall policies allow connection to this host name. If your system is behind a proxy, verify your proxy environment variables (HTTP_PROXY and HTTPS_PROXY) are properly set.
[2026-09-17T16:42:06.908Z][ERROR] Error: Cannot connect to 'packages.unity.com' (error code: ENOTFOUND). Check your internet connection and verify that your environment firewall policies allow connection to this host name. If your system is behind a proxy, verify your proxy environment variables (HTTP_PROXY and HTTPS_PROXY) are properly set.
[2026-09-17T16:42:06.910Z][ERROR] Error: Cannot connect to 'packages.unity.com' (error code: ENOTFOUND). Check your internet connection and verify that your environment firewall policies allow connection to this host name. If your system is behind a proxy, verify your proxy environment variables (HTTP_PROXY and HTTPS_PROXY) are properly set.
[2026-09-17T16:42:06.915Z][ERROR] Error: Cannot connect to 'packages.unity.com' (error code: ENOTFOUND). Check your internet connection and verify that your environment firewall policies allow connection to this host name. If your system is behind a proxy, verify your proxy environment variables (HTTP_PROXY and HTTPS_PROXY) are properly set.
[2026-09-17T16:42:06.918Z][ERROR] Error: Cannot connect to 'packages.unity.com' (error code: ENOTFOUND). Check your internet connection and verify that your environment firewall policies allow connection to this host name. If your system is behind a proxy, verify your proxy environment variables (HTTP_PROXY and HTTPS_PROXY) are properly set.
[2026-09-17T16:42:06.922Z][ERROR] Error: Cannot connect to 'packages.unity.com' (error code: ENOTFOUND). Check your internet connection and verify that your environment firewall policies allow connection to this host name. If your system is behind a proxy, verify your proxy environment variables (HTTP_PROXY and HTTPS_PROXY) are properly set.
[2026-09-17T16:42:06.923Z][ERROR] Error: Cannot connect to 'packages.unity.com' (error code: ENOTFOUND). Check your internet connection and verify that your environment firewall policies allow connection to this host name. If your system is behind a proxy, verify your proxy environment variables (HTTP_PROXY and HTTPS_PROXY) are properly set.
[2026-09-17T16:42:07.075Z][ERROR] Error: Cannot connect to 'packages.unity.com' (error code: ENOTFOUND). Check your internet connection and verify that your environment firewall policies allow connection to this host name. If your system is behind a proxy, verify your proxy environment variables (HTTP_PROXY and HTTPS_PROXY) are properly set.
[2026-09-17T16:42:07.076Z][ERROR] Error: Cannot connect to 'packages.unity.com' (error code: ENOTFOUND). Check your internet connection and verify that your environment firewall policies allow connection to this host name. If your system is behind a proxy, verify your proxy environment variables (HTTP_PROXY and HTTPS_PROXY) are properly set.
[2026-09-17T16:42:07.107Z][ERROR] Error: Cannot connect to 'packages.unity.com' (error code: ENOTFOUND). Check your internet connection and verify that your environment firewall policies allow connection to this host name. If your system is behind a proxy, verify your proxy environment variables (HTTP_PROXY and HTTPS_PROXY) are properly set.
[2026-09-17T16:42:07.109Z][ERROR] Error: Cannot connect to 'packages.unity.com' (error code: ENOTFOUND). Check your internet connection and verify that your environment firewall policies allow connection to this host name. If your system is behind a proxy, verify your proxy environment variables (HTTP_PROXY and HTTPS_PROXY) are properly set.
[2026-09-17T16:42:07.111Z][ERROR] Error: Cannot connect to 'packages.unity.com' (error code: ENOTFOUND). Check your internet connection and verify that your environment firewall policies allow connection to this host name. If your system is behind a proxy, verify your proxy environment variables (HTTP_PROXY and HTTPS_PROXY) are properly set.
[2026-09-17T16:42:07.111Z][ERROR] Error: Cannot connect to 'packages.unity.com' (error code: ENOTFOUND). Check your internet connection and verify that your environment firewall policies allow connection to this host name. If your system is behind a proxy, verify your proxy environment variables (HTTP_PROXY and HTTPS_PROXY) are properly set.
[2026-09-17T16:42:07.112Z][ERROR] Error: Cannot connect to 'packages.unity.com' (error code: ENOTFOUND). Check your internet connection and verify that your environment firewall policies allow connection to this host name. If your system is behind a proxy, verify your proxy environment variables (HTTP_PROXY and HTTPS_PROXY) are properly set.
[2026-09-17T16:42:07.113Z][ERROR] Error: Cannot connect to 'packages.unity.com' (error code: ENOTFOUND). Check your internet connection and verify that your environment firewall policies allow connection to this host name. If your system is behind a proxy, verify your proxy environment variables (HTTP_PROXY and HTTPS_PROXY) are properly set.
[2026-09-17T16:42:07.113Z][ERROR] Error: Cannot connect to 'packages.unity.com' (error code: ENOTFOUND). Check your internet connection and verify that your environment firewall policies allow connection to this host name. If your system is behind a proxy, verify your proxy environment variables (HTTP_PROXY and HTTPS_PROXY) are properly set.
[2026-09-17T16:42:07.115Z][ERROR] Error: Cannot connect to 'packages.unity.com' (error code: ENOTFOUND). Check your internet connection and verify that your environment firewall policies allow connection to this host name. If your system is behind a proxy, verify your proxy environment variables (HTTP_PROXY and HTTPS_PROXY) are properly set.
[2026-09-17T16:42:07.115Z][ERROR] Error: Cannot connect to 'packages.unity.com' (error code: ENOTFOUND). Check your internet connection and verify that your environment firewall policies allow connection to this host name. If your system is behind a proxy, verify your proxy environment variables (HTTP_PROXY and HTTPS_PROXY) are properly set.
[2026-09-17T16:42:07.119Z][ERROR] Error: Cannot connect to 'packages.unity.com' (error code: ENOTFOUND). Check your internet connection and verify that your environment firewall policies allow connection to this host name. If your system is behind a proxy, verify your proxy environment variables (HTTP_PROXY and HTTPS_PROXY) are properly set.
[2026-09-17T16:42:07.126Z][ERROR] Error: Cannot connect to 'packages.unity.com' (error code: ENOTFOUND). Check your internet connection and verify that your environment firewall policies allow connection to this host name. If your system is behind a proxy, verify your proxy environment variables (HTTP_PROXY and HTTPS_PROXY) are properly set.
[2026-09-17T16:42:07.128Z][ERROR] Error: Cannot connect to 'packages.unity.com' (error code: ENOTFOUND). Check your internet connection and verify that your environment firewall policies allow connection to this host name. If your system is behind a proxy, verify your proxy environment variables (HTTP_PROXY and HTTPS_PROXY) are properly set.
[2026-09-17T16:42:07.130Z][ERROR] Error: Cannot connect to 'packages.unity.com' (error code: ENOTFOUND). Check your internet connection and verify that your environment firewall policies allow connection to this host name. If your system is behind a proxy, verify your proxy environment variables (HTTP_PROXY and HTTPS_PROXY) are properly set.
[2026-09-17T16:42:07.136Z][INFO] project:list-packages --> 200 (454463 ms)
[2026-09-17T16:42:07.136Z][INFO] project:list-packages --> 200 (469249 ms)
[2026-09-17T16:42:07.137Z][INFO] project:list-packages --> 200 (459566 ms)
[2026-09-17T16:42:07.137Z][INFO] project:list-packages --> 200 (464664 ms)
[2026-09-17T16:42:07.137Z][INFO] project:list-packages --> 200 (464255 ms)
[2026-09-17T16:42:07.138Z][INFO] project:list-packages --> 200 (458960 ms)
[2026-09-17T16:42:07.138Z][INFO] project:list-packages --> 200 (469753 ms)
[2026-09-17T16:42:18.549Z][INFO] project:list-packages <-- Request received
params: {}
[2026-09-17T16:42:27.494Z][INFO] project:list-packages --> 200 (8945 ms)
[2026-09-17T17:28:23.921Z][INFO] project:add-remove-dependencies <-- Request received
params: {}
[2026-09-17T17:28:28.577Z][INFO] project:add-remove-dependencies --> 200 (4658 ms)
[2026-09-17T17:28:28.752Z][INFO] project:add-remove-dependencies <-- Request received
params: {}
[2026-09-17T17:28:28.891Z][INFO] project:add-remove-dependencies --> 200 (139 ms)
[2026-09-17T17:28:29.060Z][INFO] project:list-packages <-- Request received
params: {}
[2026-09-17T17:28:29.071Z][INFO] project:resolve-packages <-- Request received
params: {}
[2026-09-17T17:28:29.120Z][INFO] project:list-packages --> 200 (60 ms)
[2026-09-17T17:28:29.155Z][WARN] Requested version [1.3.1] for package [com.unity.dt.app-ui] overridden by minimum version [2.1.11].
[2026-09-17T17:28:29.155Z][WARN] Requested version [3.2.1] for package [com.unity.nuget.newtonsoft-json] overridden by minimum version [3.2.2].
[2026-09-17T17:28:29.155Z][WARN] Requested version [4.9.3] for package [com.unity.searcher] overridden by minimum version [4.9.5].
[2026-09-17T17:28:29.156Z][INFO] project:resolve-packages --> 200 (85 ms)
[2026-09-17T17:28:29.439Z][INFO] config:project:get-registries <-- Request received
params: {}
[2026-09-17T17:28:29.445Z][INFO] config:project:get-registries --> 200 (6 ms)
[2026-09-17T17:28:29.450Z][INFO] project:list-packages <-- Request received
params: {}
[2026-09-17T17:28:29.552Z][INFO] project:list-packages --> 200 (102 ms)
[2026-09-17T17:28:50.600Z][INFO] project:add-remove-dependencies <-- Request received
params: {}
[2026-09-17T17:28:52.182Z][INFO] Downloading package [com.unity.2d.animation@16.0.1] from registry 'https://packages.unity.com'
[2026-09-17T17:28:52.183Z][INFO] Downloading package [com.unity.2d.tooling@4.0.1] from registry 'https://packages.unity.com'
[2026-09-17T17:28:52.183Z][INFO] Downloading package [com.unity.2d.psdimporter@15.0.1] from registry 'https://packages.unity.com'
[2026-09-17T17:28:52.183Z][INFO] Downloading package [com.unity.2d.tilemap.extras@9.0.1] from registry 'https://packages.unity.com'
[2026-09-17T17:28:53.053Z][INFO] Finished downloading package [com.unity.2d.tooling@4.0.1] from registry 'https://packages.unity.com' (size: 95.3 kB, time: 869ms)
[2026-09-17T17:29:02.130Z][INFO] Finished downloading package [com.unity.2d.psdimporter@15.0.1] from registry 'https://packages.unity.com' (size: 3.02 MB, time: 9.9s)
[2026-09-17T17:30:12.855Z][ERROR] Failed to download package from URL: 'https://download.packages.unity.com/com.unity.2d.animation/-/com.unity.2d.animation-16.0.1.tgz': Error: aborted
[2026-09-17T17:30:13.343Z][ERROR] Failed to download package from URL: 'https://download.packages.unity.com/com.unity.2d.tilemap.extras/-/com.unity.2d.tilemap.extras-9.0.1.tgz': Error: aborted
[2026-09-17T17:30:13.351Z][INFO] project:add-remove-dependencies --> 207 (82751 ms)
[2026-09-17T17:30:35.861Z][INFO] project:add-remove-dependencies <-- Request received
params: {}
[2026-09-17T17:30:40.529Z][INFO] Downloading package [com.unity.2d.animation@16.0.1] from registry 'https://packages.unity.com'
[2026-09-17T17:30:40.530Z][INFO] Downloading package [com.unity.2d.tilemap.extras@9.0.1] from registry 'https://packages.unity.com'
[2026-09-17T17:30:49.326Z][INFO] Finished downloading package [com.unity.2d.tilemap.extras@9.0.1] from registry 'https://packages.unity.com' (size: 6.35 MB, time: 8.7s)
[2026-09-17T17:30:53.860Z][INFO] Finished downloading package [com.unity.2d.animation@16.0.1] from registry 'https://packages.unity.com' (size: 29.2 MB, time: 13.3s)
[2026-09-17T17:30:54.311Z][INFO] project:list-packages <-- Request received
params: {}
[2026-09-17T17:30:54.377Z][INFO] project:list-packages --> 200 (66 ms)
[2026-09-17T17:30:54.422Z][INFO] project:add-remove-dependencies --> 200 (18561 ms)
[2026-09-17T17:30:54.750Z][INFO] project:add-remove-dependencies <-- Request received
params: {}
[2026-09-17T17:30:54.892Z][INFO] project:add-remove-dependencies --> 200 (142 ms)
[2026-09-17T17:30:55.142Z][INFO] project:list-packages <-- Request received
params: {}
[2026-09-17T17:30:55.153Z][INFO] project:resolve-packages <-- Request received
params: {}
[2026-09-17T17:30:55.234Z][INFO] project:list-packages --> 200 (93 ms)
[2026-09-17T17:30:55.285Z][WARN] Requested version [1.3.1] for package [com.unity.dt.app-ui] overridden by minimum version [2.1.11].
[2026-09-17T17:30:55.285Z][WARN] Requested version [3.2.1] for package [com.unity.nuget.newtonsoft-json] overridden by minimum version [3.2.2].
[2026-09-17T17:30:55.285Z][WARN] Requested version [4.9.3] for package [com.unity.searcher] overridden by minimum version [4.9.5].
[2026-09-17T17:30:55.285Z][INFO] project:resolve-packages --> 200 (132 ms)
[2026-09-17T17:30:55.624Z][INFO] config:project:get-registries <-- Request received
params: {}
[2026-09-17T17:30:55.627Z][INFO] config:project:get-registries --> 200 (3 ms)
[2026-09-17T17:30:55.635Z][INFO] project:list-packages <-- Request received
params: {}
[2026-09-17T17:30:55.828Z][INFO] project:list-packages --> 200 (193 ms)
[2026-09-17T17:31:19.931Z][INFO] project:list-packages <-- Request received
params: {}
[2026-09-17T17:31:20.147Z][INFO] project:list-packages --> 200 (216 ms)
[2026-09-17T17:31:30.573Z][INFO] project:add-remove-dependencies <-- Request received
params: {}
[2026-09-17T17:31:35.668Z][INFO] project:add-remove-dependencies --> 200 (5095 ms)
[2026-09-17T17:31:35.887Z][INFO] project:add-remove-dependencies <-- Request received
params: {}
[2026-09-17T17:31:36.038Z][INFO] project:add-remove-dependencies --> 200 (151 ms)
[2026-09-17T17:31:36.246Z][INFO] project:list-packages <-- Request received
params: {}
[2026-09-17T17:31:36.258Z][INFO] project:resolve-packages <-- Request received
params: {}
[2026-09-17T17:31:36.313Z][INFO] project:list-packages --> 200 (67 ms)
[2026-09-17T17:31:36.361Z][WARN] Requested version [1.3.1] for package [com.unity.dt.app-ui] overridden by minimum version [2.1.11].
[2026-09-17T17:31:36.362Z][WARN] Requested version [4.9.3] for package [com.unity.searcher] overridden by minimum version [4.9.5].
[2026-09-17T17:31:36.362Z][INFO] project:resolve-packages --> 200 (104 ms)
[2026-09-17T17:31:36.648Z][INFO] config:project:get-registries <-- Request received
params: {}
[2026-09-17T17:31:36.659Z][INFO] project:list-packages <-- Request received
params: {}
[2026-09-17T17:31:36.742Z][INFO] config:project:get-registries --> 200 (94 ms)
[2026-09-17T17:31:36.806Z][INFO] project:list-packages --> 200 (147 ms)
[2026-09-17T17:31:49.200Z][INFO] project:list-packages <-- Request received
params: {}
[2026-09-17T17:31:49.340Z][INFO] project:list-packages --> 200 (140 ms)
[2026-09-17T17:32:23.911Z][INFO] project:add-remove-dependencies <-- Request received
params: {}
[2026-09-17T17:32:29.324Z][INFO] project:add-remove-dependencies --> 200 (5413 ms)
[2026-09-17T17:32:29.526Z][INFO] project:add-remove-dependencies <-- Request received
params: {}
[2026-09-17T17:32:29.683Z][INFO] project:add-remove-dependencies --> 200 (157 ms)
[2026-09-17T17:32:29.896Z][INFO] project:list-packages <-- Request received
params: {}
[2026-09-17T17:32:29.908Z][INFO] project:resolve-packages <-- Request received
params: {}
[2026-09-17T17:32:29.961Z][INFO] project:list-packages --> 200 (65 ms)
[2026-09-17T17:32:30.006Z][WARN] Requested version [1.3.1] for package [com.unity.dt.app-ui] overridden by minimum version [2.1.11].
[2026-09-17T17:32:30.006Z][WARN] Requested version [4.9.3] for package [com.unity.searcher] overridden by minimum version [4.9.5].
[2026-09-17T17:32:30.006Z][INFO] project:resolve-packages --> 200 (98 ms)
[2026-09-17T17:32:30.299Z][INFO] config:project:get-registries <-- Request received
params: {}
[2026-09-17T17:32:30.301Z][INFO] config:project:get-registries --> 200 (2 ms)
[2026-09-17T17:32:30.310Z][INFO] project:list-packages <-- Request received
params: {}
[2026-09-17T17:32:30.426Z][INFO] project:list-packages --> 200 (116 ms)
[2026-09-17T17:32:39.352Z][INFO] project:list-packages <-- Request received
params: {}
[2026-09-17T17:32:39.449Z][INFO] project:list-packages --> 200 (97 ms)
[2026-09-17T17:32:46.020Z][INFO] project:add-remove-dependencies <-- Request received
params: {}
[2026-09-17T17:32:46.119Z][INFO] project:add-remove-dependencies --> 200 (99 ms)
[2026-09-17T17:32:46.304Z][INFO] project:add-remove-dependencies <-- Request received
params: {}
[2026-09-17T17:32:46.430Z][INFO] project:add-remove-dependencies --> 200 (126 ms)
[2026-09-17T17:32:46.626Z][INFO] project:list-packages <-- Request received
params: {}
[2026-09-17T17:32:46.637Z][INFO] project:resolve-packages <-- Request received
params: {}
[2026-09-17T17:32:46.697Z][INFO] project:list-packages --> 200 (71 ms)
[2026-09-17T17:32:46.739Z][WARN] Requested version [4.9.3] for package [com.unity.searcher] overridden by minimum version [4.9.5].
[2026-09-17T17:32:46.739Z][INFO] project:resolve-packages --> 200 (102 ms)
[2026-09-17T17:32:47.002Z][INFO] config:project:get-registries <-- Request received
params: {}
[2026-09-17T17:32:47.010Z][INFO] project:list-packages <-- Request received
params: {}
[2026-09-17T17:32:47.091Z][INFO] config:project:get-registries --> 200 (90 ms)
[2026-09-17T17:32:47.138Z][INFO] project:list-packages --> 200 (128 ms)
[2026-09-17T17:32:50.635Z][INFO] project:list-packages <-- Request received
params: {}
[2026-09-17T17:32:50.647Z][INFO] project:list-packages <-- Request received
params: {}
[2026-09-17T17:32:50.792Z][INFO] project:list-packages <-- Request received
params: {}
[2026-09-17T17:32:50.793Z][INFO] project:list-packages --> 200 (158 ms)
[2026-09-17T17:32:50.838Z][INFO] config:project:get-registries <-- Request received
params: {}
[2026-09-17T17:32:50.842Z][INFO] project:list-packages --> 200 (195 ms)
[2026-09-17T17:32:50.843Z][INFO] config:project:get-registries --> 200 (5 ms)
[2026-09-17T17:32:50.890Z][INFO] project:list-packages --> 200 (98 ms)
[2026-09-17T17:32:53.326Z][INFO] project:list-packages <-- Request received
params: {}
[2026-09-17T17:32:53.390Z][INFO] project:list-packages --> 200 (64 ms)
[2026-09-17T17:41:45.093Z][INFO] tarball:extract <-- Request received
params: {}
[2026-09-17T17:41:45.540Z][INFO] tarball:extract --> 200 (447 ms)
[2026-09-17T17:41:57.541Z][INFO] project:update-dependencies <-- Request received
params: {}
[2026-09-17T17:41:57.552Z][INFO] project:update-dependencies --> 200 (11 ms)
[2026-09-17T17:41:57.652Z][INFO] project:update-dependencies <-- Request received
params: {}
[2026-09-17T17:41:57.667Z][INFO] project:update-dependencies --> 200 (15 ms)
[2026-09-17T17:41:57.985Z][INFO] project:resolve-packages <-- Request received
params: {}
[2026-09-17T17:42:04.222Z][WARN] Requested version [2.8.4] for package [com.unity.splines] overridden by minimum version [2.9.0].
[2026-09-17T17:42:04.222Z][WARN] Requested version [4.9.3] for package [com.unity.searcher] overridden by minimum version [4.9.5].
[2026-09-17T17:42:04.222Z][WARN] Requested version [1.0.3] for package [com.unity.settings-manager] overridden by minimum version [2.1.1].
[2026-09-17T17:42:04.222Z][INFO] project:resolve-packages --> 200 (6237 ms)
[2026-09-17T17:42:04.465Z][INFO] config:project:get-registries <-- Request received
params: {}
[2026-09-17T17:42:04.467Z][INFO] config:project:get-registries --> 200 (2 ms)
[2026-09-17T17:42:04.476Z][INFO] project:list-packages <-- Request received
params: {}
[2026-09-17T17:42:04.623Z][INFO] project:list-packages --> 200 (147 ms)
[2026-09-17T17:42:08.904Z][INFO] project:list-packages <-- Request received
params: {}
[2026-09-17T17:42:08.914Z][INFO] project:list-packages <-- Request received
params: {}
[2026-09-17T17:42:08.997Z][INFO] project:list-packages <-- Request received
params: {}
[2026-09-17T17:42:09.005Z][INFO] project:list-packages <-- Request received
params: {}
[2026-09-17T17:42:09.009Z][INFO] project:list-packages --> 200 (105 ms)
[2026-09-17T17:42:09.054Z][INFO] project:list-packages --> 200 (140 ms)
[2026-09-17T17:42:09.094Z][INFO] config:project:get-registries <-- Request received
params: {}
[2026-09-17T17:42:09.097Z][INFO] config:project:get-registries --> 200 (3 ms)
[2026-09-17T17:42:09.135Z][INFO] project:list-packages --> 200 (138 ms)
[2026-09-17T17:42:09.136Z][INFO] project:list-packages --> 200 (131 ms)
[2026-09-17T17:42:16.975Z][INFO] project:list-packages <-- Request received
params: {}
[2026-09-17T17:42:17.031Z][INFO] project:list-packages --> 200 (56 ms)
[2026-09-17T17:52:10.450Z][INFO] project:list-packages <-- Request received
params: {}
[2026-09-17T17:52:10.515Z][INFO] project:list-packages --> 200 (65 ms)
[2026-09-17T17:52:10.527Z][INFO] project:list-packages <-- Request received
params: {}
[2026-09-17T17:52:10.538Z][INFO] project:list-packages <-- Request received
params: {}
[2026-09-17T17:52:10.601Z][INFO] project:list-packages --> 200 (74 ms)
[2026-09-17T17:52:10.627Z][INFO] project:list-packages --> 200 (89 ms)
[2026-09-17T17:52:10.649Z][INFO] config:project:get-registries <-- Request received
params: {}
[2026-09-17T17:52:10.650Z][INFO] config:project:get-registries --> 200 (1 ms)
[2026-09-17T17:52:26.892Z][INFO] project:list-packages <-- Request received
params: {}
[2026-09-17T17:52:26.942Z][INFO] project:list-packages --> 200 (50 ms)
[2026-09-17T17:52:26.959Z][INFO] project:list-packages <-- Request received
params: {}
[2026-09-17T17:52:26.969Z][INFO] project:list-packages <-- Request received
params: {}
[2026-09-17T17:52:27.044Z][INFO] project:list-packages --> 200 (85 ms)
[2026-09-17T17:52:27.066Z][INFO] project:list-packages --> 200 (97 ms)
[2026-09-17T17:52:27.068Z][INFO] config:project:get-registries <-- Request received
params: {}
[2026-09-17T17:52:27.070Z][INFO] config:project:get-registries --> 200 (2 ms)
[2026-09-17T17:53:13.443Z][INFO] project:list-packages <-- Request received
params: {}
[2026-09-17T17:53:13.499Z][INFO] project:list-packages --> 200 (56 ms)
[2026-09-17T17:53:13.520Z][INFO] project:list-packages <-- Request received
params: {}
[2026-09-17T17:53:13.531Z][INFO] project:list-packages <-- Request received
params: {}
[2026-09-17T17:53:13.587Z][INFO] project:list-packages --> 200 (67 ms)
[2026-09-17T17:53:13.609Z][INFO] project:list-packages --> 200 (78 ms)
[2026-09-17T17:53:13.632Z][INFO] config:project:get-registries <-- Request received
params: {}
[2026-09-17T17:53:13.634Z][INFO] config:project:get-registries --> 200 (2 ms)
[2026-09-17T17:54:42.215Z][INFO] project:list-packages <-- Request received
params: {}
[2026-09-17T17:54:42.267Z][INFO] project:list-packages --> 200 (52 ms)
[2026-09-17T17:54:42.291Z][INFO] project:list-packages <-- Request received
params: {}
[2026-09-17T17:54:42.302Z][INFO] project:list-packages <-- Request received
params: {}
[2026-09-17T17:54:42.371Z][INFO] project:list-packages --> 200 (80 ms)
[2026-09-17T17:54:42.391Z][INFO] project:list-packages --> 200 (89 ms)
[2026-09-17T17:54:42.412Z][INFO] config:project:get-registries <-- Request received
params: {}
[2026-09-17T17:54:42.414Z][INFO] config:project:get-registries --> 200 (2 ms)
[2026-09-17T18:41:18.503Z][INFO] project:list-packages <-- Request received
params: {}
[2026-09-17T18:41:19.101Z][INFO] project:list-packages <-- Request received
params: {}
[2026-09-17T18:41:23.203Z][INFO] project:list-packages --> 200 (4102 ms)
[2026-09-17T18:41:23.204Z][INFO] project:list-packages --> 200 (4703 ms)
[2026-09-17T18:41:23.495Z][INFO] project:list-packages <-- Request received
params: {}
[2026-09-17T18:41:23.577Z][INFO] project:list-packages --> 200 (82 ms)
[2026-09-17T18:41:24.093Z][INFO] project:list-packages <-- Request received
params: {}
[2026-09-17T18:41:24.174Z][INFO] project:list-packages --> 200 (81 ms)
[2026-09-17T18:41:25.002Z][INFO] project:list-packages <-- Request received
params: {}
[2026-09-17T18:41:25.084Z][INFO] project:list-packages --> 200 (83 ms)
[2026-09-17T18:41:25.699Z][INFO] project:list-packages <-- Request received
params: {}
[2026-09-17T18:41:25.780Z][INFO] project:list-packages --> 200 (81 ms)
[2026-09-17T19:14:12.340Z][INFO] project:list-packages <-- Request received
params: {}
[2026-09-17T19:14:12.413Z][INFO] project:list-packages --> 200 (73 ms)
[2026-09-17T19:14:12.414Z][INFO] project:list-packages <-- Request received
params: {}
[2026-09-17T19:14:12.424Z][INFO] project:list-packages <-- Request received
params: {}
[2026-09-17T19:14:12.482Z][INFO] project:list-packages --> 200 (68 ms)
[2026-09-17T19:14:12.503Z][INFO] project:list-packages --> 200 (79 ms)
[2026-09-17T19:14:12.524Z][INFO] config:project:get-registries <-- Request received
params: {}
[2026-09-17T19:14:12.526Z][INFO] config:project:get-registries --> 200 (2 ms)
[2026-09-17T19:14:34.885Z][INFO] project:list-packages <-- Request received
params: {}
[2026-09-17T19:14:34.935Z][INFO] project:list-packages --> 200 (50 ms)
[2026-09-17T19:14:34.950Z][INFO] project:list-packages <-- Request received
params: {}
[2026-09-17T19:14:34.961Z][INFO] project:list-packages <-- Request received
params: {}
[2026-09-17T19:14:35.016Z][INFO] project:list-packages --> 200 (66 ms)
[2026-09-17T19:14:35.038Z][INFO] project:list-packages --> 200 (77 ms)
[2026-09-17T19:14:35.061Z][INFO] config:project:get-registries <-- Request received
params: {}
[2026-09-17T19:14:35.063Z][INFO] config:project:get-registries --> 200 (2 ms)
[2026-09-17T20:40:27.970Z][INFO] project:list-packages <-- Request received
params: {}
[2026-09-17T20:40:28.668Z][INFO] project:list-packages <-- Request received
params: {}
[2026-09-17T20:40:32.127Z][INFO] project:list-packages --> 200 (4158 ms)
[2026-09-17T20:40:32.128Z][INFO] project:list-packages --> 200 (3460 ms)
[2026-09-17T20:40:32.853Z][INFO] project:list-packages <-- Request received
params: {}
[2026-09-17T20:40:32.931Z][INFO] project:list-packages --> 200 (78 ms)
[2026-09-17T20:40:33.356Z][INFO] project:list-packages <-- Request received
params: {}
[2026-09-17T20:40:33.433Z][INFO] project:list-packages --> 200 (77 ms)
[2026-09-17T20:40:35.149Z][INFO] project:list-packages <-- Request received
params: {}
[2026-09-17T20:40:35.227Z][INFO] project:list-packages --> 200 (78 ms)
[2026-09-17T20:40:35.747Z][INFO] project:list-packages <-- Request received
params: {}
[2026-09-17T20:40:35.837Z][INFO] project:list-packages --> 200 (90 ms)
[2026-09-17T22:42:35.784Z][INFO] project:list-packages <-- Request received
params: {}
[2026-09-17T22:42:35.961Z][ERROR] Error: Cannot connect to 'packages.unity.com' (error code: ENOTFOUND). Check your internet connection and verify that your environment firewall policies allow connection to this host name. If your system is behind a proxy, verify your proxy environment variables (HTTP_PROXY and HTTPS_PROXY) are properly set.
[2026-09-17T22:42:36.483Z][INFO] project:list-packages <-- Request received
params: {}
[2026-09-17T22:42:37.027Z][ERROR] Error: Cannot connect to 'packages.unity.com' (error code: ENOTFOUND). Check your internet connection and verify that your environment firewall policies allow connection to this host name. If your system is behind a proxy, verify your proxy environment variables (HTTP_PROXY and HTTPS_PROXY) are properly set.
[2026-09-17T22:42:37.028Z][ERROR] Error: Cannot connect to 'packages.unity.com' (error code: ENOTFOUND). Check your internet connection and verify that your environment firewall policies allow connection to this host name. If your system is behind a proxy, verify your proxy environment variables (HTTP_PROXY and HTTPS_PROXY) are properly set.
[2026-09-17T22:42:37.029Z][ERROR] Error: Cannot connect to 'packages.unity.com' (error code: ENOTFOUND). Check your internet connection and verify that your environment firewall policies allow connection to this host name. If your system is behind a proxy, verify your proxy environment variables (HTTP_PROXY and HTTPS_PROXY) are properly set.
[2026-09-17T22:42:37.029Z][ERROR] Error: Cannot connect to 'packages.unity.com' (error code: ENOTFOUND). Check your internet connection and verify that your environment firewall policies allow connection to this host name. If your system is behind a proxy, verify your proxy environment variables (HTTP_PROXY and HTTPS_PROXY) are properly set.
[2026-09-17T22:42:37.030Z][ERROR] Error: Cannot connect to 'packages.unity.com' (error code: ENOTFOUND). Check your internet connection and verify that your environment firewall policies allow connection to this host name. If your system is behind a proxy, verify your proxy environment variables (HTTP_PROXY and HTTPS_PROXY) are properly set.
[2026-09-17T22:42:37.030Z][ERROR] Error: Cannot connect to 'packages.unity.com' (error code: ENOTFOUND). Check your internet connection and verify that your environment firewall policies allow connection to this host name. If your system is behind a proxy, verify your proxy environment variables (HTTP_PROXY and HTTPS_PROXY) are properly set.
[2026-09-17T22:42:37.046Z][ERROR] Error: Cannot connect to 'packages.unity.com' (error code: ENOTFOUND). Check your internet connection and verify that your environment firewall policies allow connection to this host name. If your system is behind a proxy, verify your proxy environment variables (HTTP_PROXY and HTTPS_PROXY) are properly set.
[2026-09-17T22:42:37.046Z][ERROR] Error: Cannot connect to 'packages.unity.com' (error code: ENOTFOUND). Check your internet connection and verify that your environment firewall policies allow connection to this host name. If your system is behind a proxy, verify your proxy environment variables (HTTP_PROXY and HTTPS_PROXY) are properly set.
[2026-09-17T22:42:37.046Z][ERROR] Error: Cannot connect to 'packages.unity.com' (error code: ENOTFOUND). Check your internet connection and verify that your environment firewall policies allow connection to this host name. If your system is behind a proxy, verify your proxy environment variables (HTTP_PROXY and HTTPS_PROXY) are properly set.
[2026-09-17T22:42:37.046Z][ERROR] Error: Cannot connect to 'packages.unity.com' (error code: ENOTFOUND). Check your internet connection and verify that your environment firewall policies allow connection to this host name. If your system is behind a proxy, verify your proxy environment variables (HTTP_PROXY and HTTPS_PROXY) are properly set.
[2026-09-17T22:42:37.047Z][ERROR] Error: Cannot connect to 'packages.unity.com' (error code: ENOTFOUND). Check your internet connection and verify that your environment firewall policies allow connection to this host name. If your system is behind a proxy, verify your proxy environment variables (HTTP_PROXY and HTTPS_PROXY) are properly set.
[2026-09-17T22:42:37.056Z][ERROR] Error: Cannot connect to 'packages.unity.com' (error code: ENOTFOUND). Check your internet connection and verify that your environment firewall policies allow connection to this host name. If your system is behind a proxy, verify your proxy environment variables (HTTP_PROXY and HTTPS_PROXY) are properly set.
[2026-09-17T22:42:37.059Z][ERROR] Error: Cannot connect to 'packages.unity.com' (error code: ENOTFOUND). Check your internet connection and verify that your environment firewall policies allow connection to this host name. If your system is behind a proxy, verify your proxy environment variables (HTTP_PROXY and HTTPS_PROXY) are properly set.
[2026-09-17T22:42:37.064Z][ERROR] Error: Cannot connect to 'packages.unity.com' (error code: ENOTFOUND). Check your internet connection and verify that your environment firewall policies allow connection to this host name. If your system is behind a proxy, verify your proxy environment variables (HTTP_PROXY and HTTPS_PROXY) are properly set.
[2026-09-17T22:42:37.069Z][ERROR] Error: Cannot connect to 'packages.unity.com' (error code: ENOTFOUND). Check your internet connection and verify that your environment firewall policies allow connection to this host name. If your system is behind a proxy, verify your proxy environment variables (HTTP_PROXY and HTTPS_PROXY) are properly set.
[2026-09-17T22:42:37.071Z][ERROR] Error: Cannot connect to 'packages.unity.com' (error code: ENOTFOUND). Check your internet connection and verify that your environment firewall policies allow connection to this host name. If your system is behind a proxy, verify your proxy environment variables (HTTP_PROXY and HTTPS_PROXY) are properly set.
[2026-09-17T22:42:37.071Z][ERROR] Error: Cannot connect to 'packages.unity.com' (error code: ENOTFOUND). Check your internet connection and verify that your environment firewall policies allow connection to this host name. If your system is behind a proxy, verify your proxy environment variables (HTTP_PROXY and HTTPS_PROXY) are properly set.
[2026-09-17T22:42:37.071Z][ERROR] Error: Cannot connect to 'packages.unity.com' (error code: ENOTFOUND). Check your internet connection and verify that your environment firewall policies allow connection to this host name. If your system is behind a proxy, verify your proxy environment variables (HTTP_PROXY and HTTPS_PROXY) are properly set.
[2026-09-17T22:42:37.072Z][ERROR] Error: Cannot connect to 'packages.unity.com' (error code: ENOTFOUND). Check your internet connection and verify that your environment firewall policies allow connection to this host name. If your system is behind a proxy, verify your proxy environment variables (HTTP_PROXY and HTTPS_PROXY) are properly set.
[2026-09-17T22:42:37.073Z][ERROR] Error: Cannot connect to 'packages.unity.com' (error code: ENOTFOUND). Check your internet connection and verify that your environment firewall policies allow connection to this host name. If your system is behind a proxy, verify your proxy environment variables (HTTP_PROXY and HTTPS_PROXY) are properly set.
[2026-09-17T22:42:37.075Z][ERROR] Error: Cannot connect to 'packages.unity.com' (error code: ENOTFOUND). Check your internet connection and verify that your environment firewall policies allow connection to this host name. If your system is behind a proxy, verify your proxy environment variables (HTTP_PROXY and HTTPS_PROXY) are properly set.
[2026-09-17T22:42:37.078Z][ERROR] Error: Cannot connect to 'packages.unity.com' (error code: ENOTFOUND). Check your internet connection and verify that your environment firewall policies allow connection to this host name. If your system is behind a proxy, verify your proxy environment variables (HTTP_PROXY and HTTPS_PROXY) are properly set.
[2026-09-17T22:42:37.079Z][ERROR] Error: Cannot connect to 'packages.unity.com' (error code: ENOTFOUND). Check your internet connection and verify that your environment firewall policies allow connection to this host name. If your system is behind a proxy, verify your proxy environment variables (HTTP_PROXY and HTTPS_PROXY) are properly set.
[2026-09-17T22:42:37.079Z][ERROR] Error: Cannot connect to 'packages.unity.com' (error code: ENOTFOUND). Check your internet connection and verify that your environment firewall policies allow connection to this host name. If your system is behind a proxy, verify your proxy environment variables (HTTP_PROXY and HTTPS_PROXY) are properly set.
[2026-09-17T22:42:37.079Z][ERROR] Error: Cannot connect to 'packages.unity.com' (error code: ENOTFOUND). Check your internet connection and verify that your environment firewall policies allow connection to this host name. If your system is behind a proxy, verify your proxy environment variables (HTTP_PROXY and HTTPS_PROXY) are properly set.
[2026-09-17T22:42:37.080Z][ERROR] Error: Cannot connect to 'packages.unity.com' (error code: ENOTFOUND). Check your internet connection and verify that your environment firewall policies allow connection to this host name. If your system is behind a proxy, verify your proxy environment variables (HTTP_PROXY and HTTPS_PROXY) are properly set.
[2026-09-17T22:42:37.080Z][ERROR] Error: Cannot connect to 'packages.unity.com' (error code: ENOTFOUND). Check your internet connection and verify that your environment firewall policies allow connection to this host name. If your system is behind a proxy, verify your proxy environment variables (HTTP_PROXY and HTTPS_PROXY) are properly set.
[2026-09-17T22:42:37.080Z][ERROR] Error: Cannot connect to 'packages.unity.com' (error code: ENOTFOUND). Check your internet connection and verify that your environment firewall policies allow connection to this host name. If your system is behind a proxy, verify your proxy environment variables (HTTP_PROXY and HTTPS_PROXY) are properly set.
[2026-09-17T22:42:37.081Z][ERROR] Error: Cannot connect to 'packages.unity.com' (error code: ENOTFOUND). Check your internet connection and verify that your environment firewall policies allow connection to this host name. If your system is behind a proxy, verify your proxy environment variables (HTTP_PROXY and HTTPS_PROXY) are properly set.
[2026-09-17T22:42:37.082Z][ERROR] Error: Cannot connect to 'packages.unity.com' (error code: ENOTFOUND). Check your internet connection and verify that your environment firewall policies allow connection to this host name. If your system is behind a proxy, verify your proxy environment variables (HTTP_PROXY and HTTPS_PROXY) are properly set.
[2026-09-17T22:42:37.086Z][ERROR] Error: Cannot connect to 'packages.unity.com' (error code: ENOTFOUND). Check your internet connection and verify that your environment firewall policies allow connection to this host name. If your system is behind a proxy, verify your proxy environment variables (HTTP_PROXY and HTTPS_PROXY) are properly set.
[2026-09-17T22:42:37.087Z][ERROR] Error: Cannot connect to 'packages.unity.com' (error code: ENOTFOUND). Check your internet connection and verify that your environment firewall policies allow connection to this host name. If your system is behind a proxy, verify your proxy environment variables (HTTP_PROXY and HTTPS_PROXY) are properly set.
[2026-09-17T22:42:37.088Z][ERROR] Error: Cannot connect to 'packages.unity.com' (error code: ENOTFOUND). Check your internet connection and verify that your environment firewall policies allow connection to this host name. If your system is behind a proxy, verify your proxy environment variables (HTTP_PROXY and HTTPS_PROXY) are properly set.
[2026-09-17T22:42:37.088Z][ERROR] Error: Cannot connect to 'packages.unity.com' (error code: ENOTFOUND). Check your internet connection and verify that your environment firewall policies allow connection to this host name. If your system is behind a proxy, verify your proxy environment variables (HTTP_PROXY and HTTPS_PROXY) are properly set.
[2026-09-17T22:42:37.089Z][ERROR] Error: Cannot connect to 'packages.unity.com' (error code: ENOTFOUND). Check your internet connection and verify that your environment firewall policies allow connection to this host name. If your system is behind a proxy, verify your proxy environment variables (HTTP_PROXY and HTTPS_PROXY) are properly set.
[2026-09-17T22:42:37.089Z][ERROR] Error: Cannot connect to 'packages.unity.com' (error code: ENOTFOUND). Check your internet connection and verify that your environment firewall policies allow connection to this host name. If your system is behind a proxy, verify your proxy environment variables (HTTP_PROXY and HTTPS_PROXY) are properly set.
[2026-09-17T22:42:37.089Z][ERROR] Error: Cannot connect to 'packages.unity.com' (error code: ENOTFOUND). Check your internet connection and verify that your environment firewall policies allow connection to this host name. If your system is behind a proxy, verify your proxy environment variables (HTTP_PROXY and HTTPS_PROXY) are properly set.
[2026-09-17T22:42:37.089Z][ERROR] Error: Cannot connect to 'packages.unity.com' (error code: ENOTFOUND). Check your internet connection and verify that your environment firewall policies allow connection to this host name. If your system is behind a proxy, verify your proxy environment variables (HTTP_PROXY and HTTPS_PROXY) are properly set.
[2026-09-17T22:42:37.094Z][ERROR] Error: Cannot connect to 'packages.unity.com' (error code: ENOTFOUND). Check your internet connection and verify that your environment firewall policies allow connection to this host name. If your system is behind a proxy, verify your proxy environment variables (HTTP_PROXY and HTTPS_PROXY) are properly set.
[2026-09-17T22:42:37.095Z][ERROR] Error: Cannot connect to 'packages.unity.com' (error code: ENOTFOUND). Check your internet connection and verify that your environment firewall policies allow connection to this host name. If your system is behind a proxy, verify your proxy environment variables (HTTP_PROXY and HTTPS_PROXY) are properly set.
[2026-09-17T22:42:37.099Z][ERROR] Error: Cannot connect to 'packages.unity.com' (error code: ENOTFOUND). Check your internet connection and verify that your environment firewall policies allow connection to this host name. If your system is behind a proxy, verify your proxy environment variables (HTTP_PROXY and HTTPS_PROXY) are properly set.
[2026-09-17T22:42:37.101Z][ERROR] Error: Cannot connect to 'packages.unity.com' (error code: ENOTFOUND). Check your internet connection and verify that your environment firewall policies allow connection to this host name. If your system is behind a proxy, verify your proxy environment variables (HTTP_PROXY and HTTPS_PROXY) are properly set.
[2026-09-17T22:42:37.106Z][ERROR] Error: Cannot connect to 'packages.unity.com' (error code: ENOTFOUND). Check your internet connection and verify that your environment firewall policies allow connection to this host name. If your system is behind a proxy, verify your proxy environment variables (HTTP_PROXY and HTTPS_PROXY) are properly set.
[2026-09-17T22:42:37.107Z][ERROR] Error: Cannot connect to 'packages.unity.com' (error code: ENOTFOUND). Check your internet connection and verify that your environment firewall policies allow connection to this host name. If your system is behind a proxy, verify your proxy environment variables (HTTP_PROXY and HTTPS_PROXY) are properly set.
[2026-09-17T22:42:37.110Z][ERROR] Error: Cannot connect to 'packages.unity.com' (error code: ENOTFOUND). Check your internet connection and verify that your environment firewall policies allow connection to this host name. If your system is behind a proxy, verify your proxy environment variables (HTTP_PROXY and HTTPS_PROXY) are properly set.
[2026-09-17T22:42:37.111Z][ERROR] Error: Cannot connect to 'packages.unity.com' (error code: ENOTFOUND). Check your internet connection and verify that your environment firewall policies allow connection to this host name. If your system is behind a proxy, verify your proxy environment variables (HTTP_PROXY and HTTPS_PROXY) are properly set.
[2026-09-17T22:42:37.113Z][ERROR] Error: Cannot connect to 'packages.unity.com' (error code: ENOTFOUND). Check your internet connection and verify that your environment firewall policies allow connection to this host name. If your system is behind a proxy, verify your proxy environment variables (HTTP_PROXY and HTTPS_PROXY) are properly set.
[2026-09-17T22:42:37.115Z][ERROR] Error: Cannot connect to 'packages.unity.com' (error code: ENOTFOUND). Check your internet connection and verify that your environment firewall policies allow connection to this host name. If your system is behind a proxy, verify your proxy environment variables (HTTP_PROXY and HTTPS_PROXY) are properly set.
[2026-09-17T22:42:37.117Z][ERROR] Error: Cannot connect to 'packages.unity.com' (error code: ENOTFOUND). Check your internet connection and verify that your environment firewall policies allow connection to this host name. If your system is behind a proxy, verify your proxy environment variables (HTTP_PROXY and HTTPS_PROXY) are properly set.
[2026-09-17T22:42:37.118Z][ERROR] Error: Cannot connect to 'packages.unity.com' (error code: ENOTFOUND). Check your internet connection and verify that your environment firewall policies allow connection to this host name. If your system is behind a proxy, verify your proxy environment variables (HTTP_PROXY and HTTPS_PROXY) are properly set.
[2026-09-17T22:42:37.120Z][ERROR] Error: Cannot connect to 'packages.unity.com' (error code: ENOTFOUND). Check your internet connection and verify that your environment firewall policies allow connection to this host name. If your system is behind a proxy, verify your proxy environment variables (HTTP_PROXY and HTTPS_PROXY) are properly set.
[2026-09-17T22:42:37.122Z][ERROR] Error: Cannot connect to 'packages.unity.com' (error code: ENOTFOUND). Check your internet connection and verify that your environment firewall policies allow connection to this host name. If your system is behind a proxy, verify your proxy environment variables (HTTP_PROXY and HTTPS_PROXY) are properly set.
[2026-09-17T22:42:37.124Z][ERROR] Error: Cannot connect to 'packages.unity.com' (error code: ENOTFOUND). Check your internet connection and verify that your environment firewall policies allow connection to this host name. If your system is behind a proxy, verify your proxy environment variables (HTTP_PROXY and HTTPS_PROXY) are properly set.
[2026-09-17T22:42:37.125Z][ERROR] Error: Cannot connect to 'packages.unity.com' (error code: ENOTFOUND). Check your internet connection and verify that your environment firewall policies allow connection to this host name. If your system is behind a proxy, verify your proxy environment variables (HTTP_PROXY and HTTPS_PROXY) are properly set.
[2026-09-17T22:42:37.128Z][ERROR] Error: Cannot connect to 'packages.unity.com' (error code: ENOTFOUND). Check your internet connection and verify that your environment firewall policies allow connection to this host name. If your system is behind a proxy, verify your proxy environment variables (HTTP_PROXY and HTTPS_PROXY) are properly set.
[2026-09-17T22:42:37.129Z][ERROR] Error: Cannot connect to 'packages.unity.com' (error code: ENOTFOUND). Check your internet connection and verify that your environment firewall policies allow connection to this host name. If your system is behind a proxy, verify your proxy environment variables (HTTP_PROXY and HTTPS_PROXY) are properly set.
[2026-09-17T22:42:38.372Z][ERROR] Error: Cannot connect to 'packages.unity.com' (error code: ENOTFOUND). Check your internet connection and verify that your environment firewall policies allow connection to this host name. If your system is behind a proxy, verify your proxy environment variables (HTTP_PROXY and HTTPS_PROXY) are properly set.
[2026-09-17T22:42:38.373Z][ERROR] Error: Cannot connect to 'packages.unity.com' (error code: ENOTFOUND). Check your internet connection and verify that your environment firewall policies allow connection to this host name. If your system is behind a proxy, verify your proxy environment variables (HTTP_PROXY and HTTPS_PROXY) are properly set.
[2026-09-17T22:42:38.374Z][ERROR] Error: Cannot connect to 'packages.unity.com' (error code: ENOTFOUND). Check your internet connection and verify that your environment firewall policies allow connection to this host name. If your system is behind a proxy, verify your proxy environment variables (HTTP_PROXY and HTTPS_PROXY) are properly set.
[2026-09-17T22:42:38.374Z][ERROR] Error: Cannot connect to 'packages.unity.com' (error code: ENOTFOUND). Check your internet connection and verify that your environment firewall policies allow connection to this host name. If your system is behind a proxy, verify your proxy environment variables (HTTP_PROXY and HTTPS_PROXY) are properly set.
[2026-09-17T22:42:38.374Z][ERROR] Error: Cannot connect to 'packages.unity.com' (error code: ENOTFOUND). Check your internet connection and verify that your environment firewall policies allow connection to this host name. If your system is behind a proxy, verify your proxy environment variables (HTTP_PROXY and HTTPS_PROXY) are properly set.
[2026-09-17T22:42:38.377Z][ERROR] Error: Cannot connect to 'packages.unity.com' (error code: ENOTFOUND). Check your internet connection and verify that your environment firewall policies allow connection to this host name. If your system is behind a proxy, verify your proxy environment variables (HTTP_PROXY and HTTPS_PROXY) are properly set.
[2026-09-17T22:42:38.377Z][ERROR] Error: Cannot connect to 'packages.unity.com' (error code: ENOTFOUND). Check your internet connection and verify that your environment firewall policies allow connection to this host name. If your system is behind a proxy, verify your proxy environment variables (HTTP_PROXY and HTTPS_PROXY) are properly set.
[2026-09-17T22:42:38.379Z][ERROR] Error: Cannot connect to 'packages.unity.com' (error code: ENOTFOUND). Check your internet connection and verify that your environment firewall policies allow connection to this host name. If your system is behind a proxy, verify your proxy environment variables (HTTP_PROXY and HTTPS_PROXY) are properly set.
[2026-09-17T22:42:38.380Z][ERROR] Error: Cannot connect to 'packages.unity.com' (error code: ENOTFOUND). Check your internet connection and verify that your environment firewall policies allow connection to this host name. If your system is behind a proxy, verify your proxy environment variables (HTTP_PROXY and HTTPS_PROXY) are properly set.
[2026-09-17T22:42:38.381Z][ERROR] Error: Cannot connect to 'packages.unity.com' (error code: ENOTFOUND). Check your internet connection and verify that your environment firewall policies allow connection to this host name. If your system is behind a proxy, verify your proxy environment variables (HTTP_PROXY and HTTPS_PROXY) are properly set.
[2026-09-17T22:42:38.382Z][ERROR] Error: Cannot connect to 'packages.unity.com' (error code: ENOTFOUND). Check your internet connection and verify that your environment firewall policies allow connection to this host name. If your system is behind a proxy, verify your proxy environment variables (HTTP_PROXY and HTTPS_PROXY) are properly set.
[2026-09-17T22:42:38.382Z][ERROR] Error: Cannot connect to 'packages.unity.com' (error code: ENOTFOUND). Check your internet connection and verify that your environment firewall policies allow connection to this host name. If your system is behind a proxy, verify your proxy environment variables (HTTP_PROXY and HTTPS_PROXY) are properly set.
[2026-09-17T22:42:38.383Z][ERROR] Error: Cannot connect to 'packages.unity.com' (error code: ENOTFOUND). Check your internet connection and verify that your environment firewall policies allow connection to this host name. If your system is behind a proxy, verify your proxy environment variables (HTTP_PROXY and HTTPS_PROXY) are properly set.
[2026-09-17T22:42:38.383Z][ERROR] Error: Cannot connect to 'packages.unity.com' (error code: ENOTFOUND). Check your internet connection and verify that your environment firewall policies allow connection to this host name. If your system is behind a proxy, verify your proxy environment variables (HTTP_PROXY and HTTPS_PROXY) are properly set.
[2026-09-17T22:42:38.385Z][ERROR] Error: Cannot connect to 'packages.unity.com' (error code: ENOTFOUND). Check your internet connection and verify that your environment firewall policies allow connection to this host name. If your system is behind a proxy, verify your proxy environment variables (HTTP_PROXY and HTTPS_PROXY) are properly set.
[2026-09-17T22:42:38.386Z][ERROR] Error: Cannot connect to 'packages.unity.com' (error code: ENOTFOUND). Check your internet connection and verify that your environment firewall policies allow connection to this host name. If your system is behind a proxy, verify your proxy environment variables (HTTP_PROXY and HTTPS_PROXY) are properly set.
[2026-09-17T22:42:38.386Z][ERROR] Error: Cannot connect to 'packages.unity.com' (error code: ENOTFOUND). Check your internet connection and verify that your environment firewall policies allow connection to this host name. If your system is behind a proxy, verify your proxy environment variables (HTTP_PROXY and HTTPS_PROXY) are properly set.
[2026-09-17T22:42:38.389Z][ERROR] Error: Cannot connect to 'packages.unity.com' (error code: ENOTFOUND). Check your internet connection and verify that your environment firewall policies allow connection to this host name. If your system is behind a proxy, verify your proxy environment variables (HTTP_PROXY and HTTPS_PROXY) are properly set.
[2026-09-17T22:42:38.389Z][ERROR] Error: Cannot connect to 'packages.unity.com' (error code: ENOTFOUND). Check your internet connection and verify that your environment firewall policies allow connection to this host name. If your system is behind a proxy, verify your proxy environment variables (HTTP_PROXY and HTTPS_PROXY) are properly set.
[2026-09-17T22:42:38.390Z][ERROR] Error: Cannot connect to 'packages.unity.com' (error code: ENOTFOUND). Check your internet connection and verify that your environment firewall policies allow connection to this host name. If your system is behind a proxy, verify your proxy environment variables (HTTP_PROXY and HTTPS_PROXY) are properly set.
[2026-09-17T22:42:38.396Z][INFO] project:list-packages --> 200 (2612 ms)
[2026-09-17T22:42:38.397Z][INFO] project:list-packages --> 200 (1914 ms)
[2026-09-17T22:42:40.986Z][INFO] project:list-packages <-- Request received
params: {}
[2026-09-17T22:42:41.003Z][ERROR] Error: Cannot connect to 'packages.unity.com' (error code: ENOTFOUND). Check your internet connection and verify that your environment firewall policies allow connection to this host name. If your system is behind a proxy, verify your proxy environment variables (HTTP_PROXY and HTTPS_PROXY) are properly set.
[2026-09-17T22:42:41.011Z][ERROR] Error: Cannot connect to 'packages.unity.com' (error code: ENOTFOUND). Check your internet connection and verify that your environment firewall policies allow connection to this host name. If your system is behind a proxy, verify your proxy environment variables (HTTP_PROXY and HTTPS_PROXY) are properly set.
[2026-09-17T22:42:41.013Z][ERROR] Error: Cannot connect to 'packages.unity.com' (error code: ENOTFOUND). Check your internet connection and verify that your environment firewall policies allow connection to this host name. If your system is behind a proxy, verify your proxy environment variables (HTTP_PROXY and HTTPS_PROXY) are properly set.
[2026-09-17T22:42:41.013Z][ERROR] Error: Cannot connect to 'packages.unity.com' (error code: ENOTFOUND). Check your internet connection and verify that your environment firewall policies allow connection to this host name. If your system is behind a proxy, verify your proxy environment variables (HTTP_PROXY and HTTPS_PROXY) are properly set.
[2026-09-17T22:42:41.013Z][ERROR] Error: Cannot connect to 'packages.unity.com' (error code: ENOTFOUND). Check your internet connection and verify that your environment firewall policies allow connection to this host name. If your system is behind a proxy, verify your proxy environment variables (HTTP_PROXY and HTTPS_PROXY) are properly set.
[2026-09-17T22:42:41.014Z][ERROR] Error: Cannot connect to 'packages.unity.com' (error code: ENOTFOUND). Check your internet connection and verify that your environment firewall policies allow connection to this host name. If your system is behind a proxy, verify your proxy environment variables (HTTP_PROXY and HTTPS_PROXY) are properly set.
[2026-09-17T22:42:41.021Z][ERROR] Error: Cannot connect to 'packages.unity.com' (error code: ENOTFOUND). Check your internet connection and verify that your environment firewall policies allow connection to this host name. If your system is behind a proxy, verify your proxy environment variables (HTTP_PROXY and HTTPS_PROXY) are properly set.
[2026-09-17T22:42:41.024Z][ERROR] Error: Cannot connect to 'packages.unity.com' (error code: ENOTFOUND). Check your internet connection and verify that your environment firewall policies allow connection to this host name. If your system is behind a proxy, verify your proxy environment variables (HTTP_PROXY and HTTPS_PROXY) are properly set.
[2026-09-17T22:42:41.029Z][ERROR] Error: Cannot connect to 'packages.unity.com' (error code: ENOTFOUND). Check your internet connection and verify that your environment firewall policies allow connection to this host name. If your system is behind a proxy, verify your proxy environment variables (HTTP_PROXY and HTTPS_PROXY) are properly set.
[2026-09-17T22:42:41.030Z][ERROR] Error: Cannot connect to 'packages.unity.com' (error code: ENOTFOUND). Check your internet connection and verify that your environment firewall policies allow connection to this host name. If your system is behind a proxy, verify your proxy environment variables (HTTP_PROXY and HTTPS_PROXY) are properly set.
[2026-09-17T22:42:41.031Z][ERROR] Error: Cannot connect to 'packages.unity.com' (error code: ENOTFOUND). Check your internet connection and verify that your environment firewall policies allow connection to this host name. If your system is behind a proxy, verify your proxy environment variables (HTTP_PROXY and HTTPS_PROXY) are properly set.
[2026-09-17T22:42:41.031Z][ERROR] Error: Cannot connect to 'packages.unity.com' (error code: ENOTFOUND). Check your internet connection and verify that your environment firewall policies allow connection to this host name. If your system is behind a proxy, verify your proxy environment variables (HTTP_PROXY and HTTPS_PROXY) are properly set.
[2026-09-17T22:42:41.033Z][ERROR] Error: Cannot connect to 'packages.unity.com' (error code: ENOTFOUND). Check your internet connection and verify that your environment firewall policies allow connection to this host name. If your system is behind a proxy, verify your proxy environment variables (HTTP_PROXY and HTTPS_PROXY) are properly set.
[2026-09-17T22:42:41.033Z][ERROR] Error: Cannot connect to 'packages.unity.com' (error code: ENOTFOUND). Check your internet connection and verify that your environment firewall policies allow connection to this host name. If your system is behind a proxy, verify your proxy environment variables (HTTP_PROXY and HTTPS_PROXY) are properly set.
[2026-09-17T22:42:41.033Z][ERROR] Error: Cannot connect to 'packages.unity.com' (error code: ENOTFOUND). Check your internet connection and verify that your environment firewall policies allow connection to this host name. If your system is behind a proxy, verify your proxy environment variables (HTTP_PROXY and HTTPS_PROXY) are properly set.
[2026-09-17T22:42:41.034Z][ERROR] Error: Cannot connect to 'packages.unity.com' (error code: ENOTFOUND). Check your internet connection and verify that your environment firewall policies allow connection to this host name. If your system is behind a proxy, verify your proxy environment variables (HTTP_PROXY and HTTPS_PROXY) are properly set.
[2026-09-17T22:42:41.036Z][ERROR] Error: Cannot connect to 'packages.unity.com' (error code: ENOTFOUND). Check your internet connection and verify that your environment firewall policies allow connection to this host name. If your system is behind a proxy, verify your proxy environment variables (HTTP_PROXY and HTTPS_PROXY) are properly set.
[2026-09-17T22:42:41.036Z][ERROR] Error: Cannot connect to 'packages.unity.com' (error code: ENOTFOUND). Check your internet connection and verify that your environment firewall policies allow connection to this host name. If your system is behind a proxy, verify your proxy environment variables (HTTP_PROXY and HTTPS_PROXY) are properly set.
[2026-09-17T22:42:41.037Z][ERROR] Error: Cannot connect to 'packages.unity.com' (error code: ENOTFOUND). Check your internet connection and verify that your environment firewall policies allow connection to this host name. If your system is behind a proxy, verify your proxy environment variables (HTTP_PROXY and HTTPS_PROXY) are properly set.
[2026-09-17T22:42:41.037Z][ERROR] Error: Cannot connect to 'packages.unity.com' (error code: ENOTFOUND). Check your internet connection and verify that your environment firewall policies allow connection to this host name. If your system is behind a proxy, verify your proxy environment variables (HTTP_PROXY and HTTPS_PROXY) are properly set.
[2026-09-17T22:42:41.038Z][ERROR] Error: Cannot connect to 'packages.unity.com' (error code: ENOTFOUND). Check your internet connection and verify that your environment firewall policies allow connection to this host name. If your system is behind a proxy, verify your proxy environment variables (HTTP_PROXY and HTTPS_PROXY) are properly set.
[2026-09-17T22:42:41.038Z][ERROR] Error: Cannot connect to 'packages.unity.com' (error code: ENOTFOUND). Check your internet connection and verify that your environment firewall policies allow connection to this host name. If your system is behind a proxy, verify your proxy environment variables (HTTP_PROXY and HTTPS_PROXY) are properly set.
[2026-09-17T22:42:41.042Z][ERROR] Error: Cannot connect to 'packages.unity.com' (error code: ENOTFOUND). Check your internet connection and verify that your environment firewall policies allow connection to this host name. If your system is behind a proxy, verify your proxy environment variables (HTTP_PROXY and HTTPS_PROXY) are properly set.
[2026-09-17T22:42:41.043Z][ERROR] Error: Cannot connect to 'packages.unity.com' (error code: ENOTFOUND). Check your internet connection and verify that your environment firewall policies allow connection to this host name. If your system is behind a proxy, verify your proxy environment variables (HTTP_PROXY and HTTPS_PROXY) are properly set.
[2026-09-17T22:42:41.045Z][ERROR] Error: Cannot connect to 'packages.unity.com' (error code: ENOTFOUND). Check your internet connection and verify that your environment firewall policies allow connection to this host name. If your system is behind a proxy, verify your proxy environment variables (HTTP_PROXY and HTTPS_PROXY) are properly set.
[2026-09-17T22:42:41.047Z][ERROR] Error: Cannot connect to 'packages.unity.com' (error code: ENOTFOUND). Check your internet connection and verify that your environment firewall policies allow connection to this host name. If your system is behind a proxy, verify your proxy environment variables (HTTP_PROXY and HTTPS_PROXY) are properly set.
[2026-09-17T22:42:41.049Z][ERROR] Error: Cannot connect to 'packages.unity.com' (error code: ENOTFOUND). Check your internet connection and verify that your environment firewall policies allow connection to this host name. If your system is behind a proxy, verify your proxy environment variables (HTTP_PROXY and HTTPS_PROXY) are properly set.
[2026-09-17T22:42:41.050Z][ERROR] Error: Cannot connect to 'packages.unity.com' (error code: ENOTFOUND). Check your internet connection and verify that your environment firewall policies allow connection to this host name. If your system is behind a proxy, verify your proxy environment variables (HTTP_PROXY and HTTPS_PROXY) are properly set.
[2026-09-17T22:42:41.052Z][ERROR] Error: Cannot connect to 'packages.unity.com' (error code: ENOTFOUND). Check your internet connection and verify that your environment firewall policies allow connection to this host name. If your system is behind a proxy, verify your proxy environment variables (HTTP_PROXY and HTTPS_PROXY) are properly set.
[2026-09-17T22:42:41.054Z][ERROR] Error: Cannot connect to 'packages.unity.com' (error code: ENOTFOUND). Check your internet connection and verify that your environment firewall policies allow connection to this host name. If your system is behind a proxy, verify your proxy environment variables (HTTP_PROXY and HTTPS_PROXY) are properly set.
[2026-09-17T22:42:41.056Z][ERROR] Error: Cannot connect to 'packages.unity.com' (error code: ENOTFOUND). Check your internet connection and verify that your environment firewall policies allow connection to this host name. If your system is behind a proxy, verify your proxy environment variables (HTTP_PROXY and HTTPS_PROXY) are properly set.
[2026-09-17T22:42:41.058Z][ERROR] Error: Cannot connect to 'packages.unity.com' (error code: ENOTFOUND). Check your internet connection and verify that your environment firewall policies allow connection to this host name. If your system is behind a proxy, verify your proxy environment variables (HTTP_PROXY and HTTPS_PROXY) are properly set.
[2026-09-17T22:42:41.060Z][ERROR] Error: Cannot connect to 'packages.unity.com' (error code: ENOTFOUND). Check your internet connection and verify that your environment firewall policies allow connection to this host name. If your system is behind a proxy, verify your proxy environment variables (HTTP_PROXY and HTTPS_PROXY) are properly set.
[2026-09-17T22:42:41.062Z][ERROR] Error: Cannot connect to 'packages.unity.com' (error code: ENOTFOUND). Check your internet connection and verify that your environment firewall policies allow connection to this host name. If your system is behind a proxy, verify your proxy environment variables (HTTP_PROXY and HTTPS_PROXY) are properly set.
[2026-09-17T22:42:41.065Z][ERROR] Error: Cannot connect to 'packages.unity.com' (error code: ENOTFOUND). Check your internet connection and verify that your environment firewall policies allow connection to this host name. If your system is behind a proxy, verify your proxy environment variables (HTTP_PROXY and HTTPS_PROXY) are properly set.
[2026-09-17T22:42:41.066Z][ERROR] Error: Cannot connect to 'packages.unity.com' (error code: ENOTFOUND). Check your internet connection and verify that your environment firewall policies allow connection to this host name. If your system is behind a proxy, verify your proxy environment variables (HTTP_PROXY and HTTPS_PROXY) are properly set.
[2026-09-17T22:42:41.069Z][ERROR] Error: Cannot connect to 'packages.unity.com' (error code: ENOTFOUND). Check your internet connection and verify that your environment firewall policies allow connection to this host name. If your system is behind a proxy, verify your proxy environment variables (HTTP_PROXY and HTTPS_PROXY) are properly set.
[2026-09-17T22:42:41.071Z][ERROR] Error: Cannot connect to 'packages.unity.com' (error code: ENOTFOUND). Check your internet connection and verify that your environment firewall policies allow connection to this host name. If your system is behind a proxy, verify your proxy environment variables (HTTP_PROXY and HTTPS_PROXY) are properly set.
[2026-09-17T22:42:41.073Z][ERROR] Error: Cannot connect to 'packages.unity.com' (error code: ENOTFOUND). Check your internet connection and verify that your environment firewall policies allow connection to this host name. If your system is behind a proxy, verify your proxy environment variables (HTTP_PROXY and HTTPS_PROXY) are properly set.
[2026-09-17T22:42:41.075Z][ERROR] Error: Cannot connect to 'packages.unity.com' (error code: ENOTFOUND). Check your internet connection and verify that your environment firewall policies allow connection to this host name. If your system is behind a proxy, verify your proxy environment variables (HTTP_PROXY and HTTPS_PROXY) are properly set.
[2026-09-17T22:42:41.104Z][ERROR] Error: Cannot connect to 'packages.unity.com' (error code: ENOTFOUND). Check your internet connection and verify that your environment firewall policies allow connection to this host name. If your system is behind a proxy, verify your proxy environment variables (HTTP_PROXY and HTTPS_PROXY) are properly set.
[2026-09-17T22:42:41.104Z][ERROR] Error: Cannot connect to 'packages.unity.com' (error code: ENOTFOUND). Check your internet connection and verify that your environment firewall policies allow connection to this host name. If your system is behind a proxy, verify your proxy environment variables (HTTP_PROXY and HTTPS_PROXY) are properly set.
[2026-09-17T22:42:41.105Z][ERROR] Error: Cannot connect to 'packages.unity.com' (error code: ENOTFOUND). Check your internet connection and verify that your environment firewall policies allow connection to this host name. If your system is behind a proxy, verify your proxy environment variables (HTTP_PROXY and HTTPS_PROXY) are properly set.
[2026-09-17T22:42:41.106Z][ERROR] Error: Cannot connect to 'packages.unity.com' (error code: ENOTFOUND). Check your internet connection and verify that your environment firewall policies allow connection to this host name. If your system is behind a proxy, verify your proxy environment variables (HTTP_PROXY and HTTPS_PROXY) are properly set.
[2026-09-17T22:42:41.107Z][ERROR] Error: Cannot connect to 'packages.unity.com' (error code: ENOTFOUND). Check your internet connection and verify that your environment firewall policies allow connection to this host name. If your system is behind a proxy, verify your proxy environment variables (HTTP_PROXY and HTTPS_PROXY) are properly set.
[2026-09-17T22:42:41.107Z][ERROR] Error: Cannot connect to 'packages.unity.com' (error code: ENOTFOUND). Check your internet connection and verify that your environment firewall policies allow connection to this host name. If your system is behind a proxy, verify your proxy environment variables (HTTP_PROXY and HTTPS_PROXY) are properly set.
[2026-09-17T22:42:41.108Z][ERROR] Error: Cannot connect to 'packages.unity.com' (error code: ENOTFOUND). Check your internet connection and verify that your environment firewall policies allow connection to this host name. If your system is behind a proxy, verify your proxy environment variables (HTTP_PROXY and HTTPS_PROXY) are properly set.
[2026-09-17T22:42:41.109Z][ERROR] Error: Cannot connect to 'packages.unity.com' (error code: ENOTFOUND). Check your internet connection and verify that your environment firewall policies allow connection to this host name. If your system is behind a proxy, verify your proxy environment variables (HTTP_PROXY and HTTPS_PROXY) are properly set.
[2026-09-17T22:42:41.109Z][ERROR] Error: Cannot connect to 'packages.unity.com' (error code: ENOTFOUND). Check your internet connection and verify that your environment firewall policies allow connection to this host name. If your system is behind a proxy, verify your proxy environment variables (HTTP_PROXY and HTTPS_PROXY) are properly set.
[2026-09-17T22:42:41.109Z][ERROR] Error: Cannot connect to 'packages.unity.com' (error code: ENOTFOUND). Check your internet connection and verify that your environment firewall policies allow connection to this host name. If your system is behind a proxy, verify your proxy environment variables (HTTP_PROXY and HTTPS_PROXY) are properly set.
[2026-09-17T22:42:41.110Z][ERROR] Error: Cannot connect to 'packages.unity.com' (error code: ENOTFOUND). Check your internet connection and verify that your environment firewall policies allow connection to this host name. If your system is behind a proxy, verify your proxy environment variables (HTTP_PROXY and HTTPS_PROXY) are properly set.
[2026-09-17T22:42:41.110Z][ERROR] Error: Cannot connect to 'packages.unity.com' (error code: ENOTFOUND). Check your internet connection and verify that your environment firewall policies allow connection to this host name. If your system is behind a proxy, verify your proxy environment variables (HTTP_PROXY and HTTPS_PROXY) are properly set.
[2026-09-17T22:42:41.110Z][ERROR] Error: Cannot connect to 'packages.unity.com' (error code: ENOTFOUND). Check your internet connection and verify that your environment firewall policies allow connection to this host name. If your system is behind a proxy, verify your proxy environment variables (HTTP_PROXY and HTTPS_PROXY) are properly set.
[2026-09-17T22:42:41.111Z][ERROR] Error: Cannot connect to 'packages.unity.com' (error code: ENOTFOUND). Check your internet connection and verify that your environment firewall policies allow connection to this host name. If your system is behind a proxy, verify your proxy environment variables (HTTP_PROXY and HTTPS_PROXY) are properly set.
[2026-09-17T22:42:41.111Z][ERROR] Error: Cannot connect to 'packages.unity.com' (error code: ENOTFOUND). Check your internet connection and verify that your environment firewall policies allow connection to this host name. If your system is behind a proxy, verify your proxy environment variables (HTTP_PROXY and HTTPS_PROXY) are properly set.
[2026-09-17T22:42:41.112Z][ERROR] Error: Cannot connect to 'packages.unity.com' (error code: ENOTFOUND). Check your internet connection and verify that your environment firewall policies allow connection to this host name. If your system is behind a proxy, verify your proxy environment variables (HTTP_PROXY and HTTPS_PROXY) are properly set.
[2026-09-17T22:42:41.112Z][ERROR] Error: Cannot connect to 'packages.unity.com' (error code: ENOTFOUND). Check your internet connection and verify that your environment firewall policies allow connection to this host name. If your system is behind a proxy, verify your proxy environment variables (HTTP_PROXY and HTTPS_PROXY) are properly set.
[2026-09-17T22:42:41.113Z][ERROR] Error: Cannot connect to 'packages.unity.com' (error code: ENOTFOUND). Check your internet connection and verify that your environment firewall policies allow connection to this host name. If your system is behind a proxy, verify your proxy environment variables (HTTP_PROXY and HTTPS_PROXY) are properly set.
[2026-09-17T22:42:41.114Z][INFO] project:list-packages --> 200 (128 ms)
[2026-09-17T22:42:52.874Z][INFO] project:list-packages <-- Request received
params: {}
[2026-09-17T22:42:58.077Z][INFO] project:list-packages --> 200 (5203 ms)
[2026-09-18T00:43:31.301Z][INFO] project:list-packages <-- Request received
params: {}
[2026-09-18T00:43:31.799Z][INFO] project:list-packages <-- Request received
params: {}
[2026-09-18T00:43:36.020Z][INFO] project:list-packages <-- Request received
params: {}
[2026-09-18T00:43:42.892Z][INFO] project:list-packages --> 200 (11093 ms)
[2026-09-18T00:43:42.893Z][INFO] project:list-packages --> 200 (11592 ms)
[2026-09-18T00:43:42.893Z][INFO] project:list-packages --> 200 (6873 ms)
[2026-09-18T00:43:47.619Z][INFO] project:list-packages <-- Request received
params: {}
[2026-09-18T00:43:47.710Z][INFO] project:list-packages --> 200 (91 ms)
[2026-09-18T02:45:34.346Z][INFO] project:list-packages <-- Request received
params: {}
[2026-09-18T02:45:34.960Z][INFO] project:list-packages <-- Request received
params: {}
[2026-09-18T02:45:35.691Z][ERROR] Error: connect ENETUNREACH 8.233.179.0:443 - Local (0.0.0.0:56740)
[2026-09-18T02:45:35.718Z][ERROR] Error: Cannot connect to 'packages.unity.com' (error code: ENOTFOUND). Check your internet connection and verify that your environment firewall policies allow connection to this host name. If your system is behind a proxy, verify your proxy environment variables (HTTP_PROXY and HTTPS_PROXY) are properly set.
[2026-09-18T02:45:35.718Z][ERROR] Error: Cannot connect to 'packages.unity.com' (error code: ENOTFOUND). Check your internet connection and verify that your environment firewall policies allow connection to this host name. If your system is behind a proxy, verify your proxy environment variables (HTTP_PROXY and HTTPS_PROXY) are properly set.
[2026-09-18T02:45:35.719Z][ERROR] Error: Cannot connect to 'packages.unity.com' (error code: ENOTFOUND). Check your internet connection and verify that your environment firewall policies allow connection to this host name. If your system is behind a proxy, verify your proxy environment variables (HTTP_PROXY and HTTPS_PROXY) are properly set.
[2026-09-18T02:45:35.721Z][ERROR] Error: Cannot connect to 'packages.unity.com' (error code: ENOTFOUND). Check your internet connection and verify that your environment firewall policies allow connection to this host name. If your system is behind a proxy, verify your proxy environment variables (HTTP_PROXY and HTTPS_PROXY) are properly set.
[2026-09-18T02:45:35.721Z][ERROR] Error: Cannot connect to 'packages.unity.com' (error code: ENOTFOUND). Check your internet connection and verify that your environment firewall policies allow connection to this host name. If your system is behind a proxy, verify your proxy environment variables (HTTP_PROXY and HTTPS_PROXY) are properly set.
[2026-09-18T02:45:35.734Z][ERROR] Error: Cannot connect to 'packages.unity.com' (error code: ENOTFOUND). Check your internet connection and verify that your environment firewall policies allow connection to this host name. If your system is behind a proxy, verify your proxy environment variables (HTTP_PROXY and HTTPS_PROXY) are properly set.
[2026-09-18T02:45:35.736Z][ERROR] Error: Cannot connect to 'packages.unity.com' (error code: ENOTFOUND). Check your internet connection and verify that your environment firewall policies allow connection to this host name. If your system is behind a proxy, verify your proxy environment variables (HTTP_PROXY and HTTPS_PROXY) are properly set.
[2026-09-18T02:45:35.742Z][ERROR] Error: Cannot connect to 'packages.unity.com' (error code: ENOTFOUND). Check your internet connection and verify that your environment firewall policies allow connection to this host name. If your system is behind a proxy, verify your proxy environment variables (HTTP_PROXY and HTTPS_PROXY) are properly set.
[2026-09-18T02:45:35.743Z][ERROR] Error: Cannot connect to 'packages.unity.com' (error code: ENOTFOUND). Check your internet connection and verify that your environment firewall policies allow connection to this host name. If your system is behind a proxy, verify your proxy environment variables (HTTP_PROXY and HTTPS_PROXY) are properly set.
[2026-09-18T02:45:35.744Z][ERROR] Error: Cannot connect to 'packages.unity.com' (error code: ENOTFOUND). Check your internet connection and verify that your environment firewall policies allow connection to this host name. If your system is behind a proxy, verify your proxy environment variables (HTTP_PROXY and HTTPS_PROXY) are properly set.
[2026-09-18T02:45:35.744Z][ERROR] Error: Cannot connect to 'packages.unity.com' (error code: ENOTFOUND). Check your internet connection and verify that your environment firewall policies allow connection to this host name. If your system is behind a proxy, verify your proxy environment variables (HTTP_PROXY and HTTPS_PROXY) are properly set.
[2026-09-18T02:45:35.746Z][ERROR] Error: Cannot connect to 'packages.unity.com' (error code: ENOTFOUND). Check your internet connection and verify that your environment firewall policies allow connection to this host name. If your system is behind a proxy, verify your proxy environment variables (HTTP_PROXY and HTTPS_PROXY) are properly set.
[2026-09-18T02:45:35.747Z][ERROR] Error: Cannot connect to 'packages.unity.com' (error code: ENOTFOUND). Check your internet connection and verify that your environment firewall policies allow connection to this host name. If your system is behind a proxy, verify your proxy environment variables (HTTP_PROXY and HTTPS_PROXY) are properly set.
[2026-09-18T02:45:35.747Z][ERROR] Error: Cannot connect to 'packages.unity.com' (error code: ENOTFOUND). Check your internet connection and verify that your environment firewall policies allow connection to this host name. If your system is behind a proxy, verify your proxy environment variables (HTTP_PROXY and HTTPS_PROXY) are properly set.
[2026-09-18T02:45:35.747Z][ERROR] Error: Cannot connect to 'packages.unity.com' (error code: ENOTFOUND). Check your internet connection and verify that your environment firewall policies allow connection to this host name. If your system is behind a proxy, verify your proxy environment variables (HTTP_PROXY and HTTPS_PROXY) are properly set.
[2026-09-18T02:45:35.747Z][ERROR] Error: Cannot connect to 'packages.unity.com' (error code: ENOTFOUND). Check your internet connection and verify that your environment firewall policies allow connection to this host name. If your system is behind a proxy, verify your proxy environment variables (HTTP_PROXY and HTTPS_PROXY) are properly set.
[2026-09-18T02:45:35.748Z][ERROR] Error: Cannot connect to 'packages.unity.com' (error code: ENOTFOUND). Check your internet connection and verify that your environment firewall policies allow connection to this host name. If your system is behind a proxy, verify your proxy environment variables (HTTP_PROXY and HTTPS_PROXY) are properly set.
[2026-09-18T02:45:35.748Z][ERROR] Error: Cannot connect to 'packages.unity.com' (error code: ENOTFOUND). Check your internet connection and verify that your environment firewall policies allow connection to this host name. If your system is behind a proxy, verify your proxy environment variables (HTTP_PROXY and HTTPS_PROXY) are properly set.
[2026-09-18T02:45:35.749Z][ERROR] Error: Cannot connect to 'packages.unity.com' (error code: ENOTFOUND). Check your internet connection and verify that your environment firewall policies allow connection to this host name. If your system is behind a proxy, verify your proxy environment variables (HTTP_PROXY and HTTPS_PROXY) are properly set.
[2026-09-18T02:45:35.753Z][ERROR] Error: Cannot connect to 'packages.unity.com' (error code: ENOTFOUND). Check your internet connection and verify that your environment firewall policies allow connection to this host name. If your system is behind a proxy, verify your proxy environment variables (HTTP_PROXY and HTTPS_PROXY) are properly set.
[2026-09-18T02:45:35.753Z][ERROR] Error: Cannot connect to 'packages.unity.com' (error code: ENOTFOUND). Check your internet connection and verify that your environment firewall policies allow connection to this host name. If your system is behind a proxy, verify your proxy environment variables (HTTP_PROXY and HTTPS_PROXY) are properly set.
[2026-09-18T02:45:35.753Z][ERROR] Error: Cannot connect to 'packages.unity.com' (error code: ENOTFOUND). Check your internet connection and verify that your environment firewall policies allow connection to this host name. If your system is behind a proxy, verify your proxy environment variables (HTTP_PROXY and HTTPS_PROXY) are properly set.
[2026-09-18T02:45:35.755Z][ERROR] Error: Cannot connect to 'packages.unity.com' (error code: ENOTFOUND). Check your internet connection and verify that your environment firewall policies allow connection to this host name. If your system is behind a proxy, verify your proxy environment variables (HTTP_PROXY and HTTPS_PROXY) are properly set.
[2026-09-18T02:45:35.755Z][ERROR] Error: Cannot connect to 'packages.unity.com' (error code: ENOTFOUND). Check your internet connection and verify that your environment firewall policies allow connection to this host name. If your system is behind a proxy, verify your proxy environment variables (HTTP_PROXY and HTTPS_PROXY) are properly set.
[2026-09-18T02:45:35.756Z][ERROR] Error: Cannot connect to 'packages.unity.com' (error code: ENOTFOUND). Check your internet connection and verify that your environment firewall policies allow connection to this host name. If your system is behind a proxy, verify your proxy environment variables (HTTP_PROXY and HTTPS_PROXY) are properly set.
[2026-09-18T02:45:35.757Z][ERROR] Error: Cannot connect to 'packages.unity.com' (error code: ENOTFOUND). Check your internet connection and verify that your environment firewall policies allow connection to this host name. If your system is behind a proxy, verify your proxy environment variables (HTTP_PROXY and HTTPS_PROXY) are properly set.
[2026-09-18T02:45:35.757Z][ERROR] Error: Cannot connect to 'packages.unity.com' (error code: ENOTFOUND). Check your internet connection and verify that your environment firewall policies allow connection to this host name. If your system is behind a proxy, verify your proxy environment variables (HTTP_PROXY and HTTPS_PROXY) are properly set.
[2026-09-18T02:45:35.757Z][ERROR] Error: Cannot connect to 'packages.unity.com' (error code: ENOTFOUND). Check your internet connection and verify that your environment firewall policies allow connection to this host name. If your system is behind a proxy, verify your proxy environment variables (HTTP_PROXY and HTTPS_PROXY) are properly set.
[2026-09-18T02:45:35.758Z][ERROR] Error: Cannot connect to 'packages.unity.com' (error code: ENOTFOUND). Check your internet connection and verify that your environment firewall policies allow connection to this host name. If your system is behind a proxy, verify your proxy environment variables (HTTP_PROXY and HTTPS_PROXY) are properly set.
[2026-09-18T02:45:35.758Z][ERROR] Error: Cannot connect to 'packages.unity.com' (error code: ENOTFOUND). Check your internet connection and verify that your environment firewall policies allow connection to this host name. If your system is behind a proxy, verify your proxy environment variables (HTTP_PROXY and HTTPS_PROXY) are properly set.
[2026-09-18T02:45:35.762Z][ERROR] Error: Cannot connect to 'packages.unity.com' (error code: ENOTFOUND). Check your internet connection and verify that your environment firewall policies allow connection to this host name. If your system is behind a proxy, verify your proxy environment variables (HTTP_PROXY and HTTPS_PROXY) are properly set.
[2026-09-18T02:45:35.768Z][ERROR] Error: Cannot connect to 'packages.unity.com' (error code: ENOTFOUND). Check your internet connection and verify that your environment firewall policies allow connection to this host name. If your system is behind a proxy, verify your proxy environment variables (HTTP_PROXY and HTTPS_PROXY) are properly set.
[2026-09-18T02:45:35.771Z][ERROR] Error: Cannot connect to 'packages.unity.com' (error code: ENOTFOUND). Check your internet connection and verify that your environment firewall policies allow connection to this host name. If your system is behind a proxy, verify your proxy environment variables (HTTP_PROXY and HTTPS_PROXY) are properly set.
[2026-09-18T02:45:35.773Z][ERROR] Error: Cannot connect to 'packages.unity.com' (error code: ENOTFOUND). Check your internet connection and verify that your environment firewall policies allow connection to this host name. If your system is behind a proxy, verify your proxy environment variables (HTTP_PROXY and HTTPS_PROXY) are properly set.
[2026-09-18T02:45:35.775Z][ERROR] Error: Cannot connect to 'packages.unity.com' (error code: ENOTFOUND). Check your internet connection and verify that your environment firewall policies allow connection to this host name. If your system is behind a proxy, verify your proxy environment variables (HTTP_PROXY and HTTPS_PROXY) are properly set.
[2026-09-18T02:45:35.777Z][ERROR] Error: Cannot connect to 'packages.unity.com' (error code: ENOTFOUND). Check your internet connection and verify that your environment firewall policies allow connection to this host name. If your system is behind a proxy, verify your proxy environment variables (HTTP_PROXY and HTTPS_PROXY) are properly set.
[2026-09-18T02:45:35.779Z][ERROR] Error: Cannot connect to 'packages.unity.com' (error code: ENOTFOUND). Check your internet connection and verify that your environment firewall policies allow connection to this host name. If your system is behind a proxy, verify your proxy environment variables (HTTP_PROXY and HTTPS_PROXY) are properly set.
[2026-09-18T02:45:35.781Z][ERROR] Error: Cannot connect to 'packages.unity.com' (error code: ENOTFOUND). Check your internet connection and verify that your environment firewall policies allow connection to this host name. If your system is behind a proxy, verify your proxy environment variables (HTTP_PROXY and HTTPS_PROXY) are properly set.
[2026-09-18T02:45:35.783Z][ERROR] Error: Cannot connect to 'packages.unity.com' (error code: ENOTFOUND). Check your internet connection and verify that your environment firewall policies allow connection to this host name. If your system is behind a proxy, verify your proxy environment variables (HTTP_PROXY and HTTPS_PROXY) are properly set.
[2026-09-18T02:45:35.785Z][ERROR] Error: Cannot connect to 'packages.unity.com' (error code: ENOTFOUND). Check your internet connection and verify that your environment firewall policies allow connection to this host name. If your system is behind a proxy, verify your proxy environment variables (HTTP_PROXY and HTTPS_PROXY) are properly set.
[2026-09-18T02:45:35.786Z][ERROR] Error: Cannot connect to 'packages.unity.com' (error code: ENOTFOUND). Check your internet connection and verify that your environment firewall policies allow connection to this host name. If your system is behind a proxy, verify your proxy environment variables (HTTP_PROXY and HTTPS_PROXY) are properly set.
[2026-09-18T02:45:35.789Z][ERROR] Error: Cannot connect to 'packages.unity.com' (error code: ENOTFOUND). Check your internet connection and verify that your environment firewall policies allow connection to this host name. If your system is behind a proxy, verify your proxy environment variables (HTTP_PROXY and HTTPS_PROXY) are properly set.
[2026-09-18T02:45:35.790Z][ERROR] Error: Cannot connect to 'packages.unity.com' (error code: ENOTFOUND). Check your internet connection and verify that your environment firewall policies allow connection to this host name. If your system is behind a proxy, verify your proxy environment variables (HTTP_PROXY and HTTPS_PROXY) are properly set.
[2026-09-18T02:45:35.792Z][ERROR] Error: Cannot connect to 'packages.unity.com' (error code: ENOTFOUND). Check your internet connection and verify that your environment firewall policies allow connection to this host name. If your system is behind a proxy, verify your proxy environment variables (HTTP_PROXY and HTTPS_PROXY) are properly set.
[2026-09-18T02:45:35.793Z][ERROR] Error: Cannot connect to 'packages.unity.com' (error code: ENOTFOUND). Check your internet connection and verify that your environment firewall policies allow connection to this host name. If your system is behind a proxy, verify your proxy environment variables (HTTP_PROXY and HTTPS_PROXY) are properly set.
[2026-09-18T02:45:35.795Z][ERROR] Error: Cannot connect to 'packages.unity.com' (error code: ENOTFOUND). Check your internet connection and verify that your environment firewall policies allow connection to this host name. If your system is behind a proxy, verify your proxy environment variables (HTTP_PROXY and HTTPS_PROXY) are properly set.
[2026-09-18T02:45:35.796Z][ERROR] Error: Cannot connect to 'packages.unity.com' (error code: ENOTFOUND). Check your internet connection and verify that your environment firewall policies allow connection to this host name. If your system is behind a proxy, verify your proxy environment variables (HTTP_PROXY and HTTPS_PROXY) are properly set.
[2026-09-18T02:45:35.799Z][ERROR] Error: Cannot connect to 'packages.unity.com' (error code: ENOTFOUND). Check your internet connection and verify that your environment firewall policies allow connection to this host name. If your system is behind a proxy, verify your proxy environment variables (HTTP_PROXY and HTTPS_PROXY) are properly set.
[2026-09-18T02:45:35.800Z][ERROR] Error: Cannot connect to 'packages.unity.com' (error code: ENOTFOUND). Check your internet connection and verify that your environment firewall policies allow connection to this host name. If your system is behind a proxy, verify your proxy environment variables (HTTP_PROXY and HTTPS_PROXY) are properly set.
[2026-09-18T02:45:37.205Z][ERROR] Error: Cannot connect to 'packages.unity.com' (error code: ENOTFOUND). Check your internet connection and verify that your environment firewall policies allow connection to this host name. If your system is behind a proxy, verify your proxy environment variables (HTTP_PROXY and HTTPS_PROXY) are properly set.
[2026-09-18T02:45:37.206Z][ERROR] Error: Cannot connect to 'packages.unity.com' (error code: ENOTFOUND). Check your internet connection and verify that your environment firewall policies allow connection to this host name. If your system is behind a proxy, verify your proxy environment variables (HTTP_PROXY and HTTPS_PROXY) are properly set.
[2026-09-18T02:45:37.206Z][ERROR] Error: Cannot connect to 'packages.unity.com' (error code: ENOTFOUND). Check your internet connection and verify that your environment firewall policies allow connection to this host name. If your system is behind a proxy, verify your proxy environment variables (HTTP_PROXY and HTTPS_PROXY) are properly set.
[2026-09-18T02:45:37.207Z][ERROR] Error: Cannot connect to 'packages.unity.com' (error code: ENOTFOUND). Check your internet connection and verify that your environment firewall policies allow connection to this host name. If your system is behind a proxy, verify your proxy environment variables (HTTP_PROXY and HTTPS_PROXY) are properly set.
[2026-09-18T02:45:37.208Z][ERROR] Error: Cannot connect to 'packages.unity.com' (error code: ENOTFOUND). Check your internet connection and verify that your environment firewall policies allow connection to this host name. If your system is behind a proxy, verify your proxy environment variables (HTTP_PROXY and HTTPS_PROXY) are properly set.
[2026-09-18T02:45:37.209Z][ERROR] Error: Cannot connect to 'packages.unity.com' (error code: ENOTFOUND). Check your internet connection and verify that your environment firewall policies allow connection to this host name. If your system is behind a proxy, verify your proxy environment variables (HTTP_PROXY and HTTPS_PROXY) are properly set.
[2026-09-18T02:45:37.209Z][ERROR] Error: Cannot connect to 'packages.unity.com' (error code: ENOTFOUND). Check your internet connection and verify that your environment firewall policies allow connection to this host name. If your system is behind a proxy, verify your proxy environment variables (HTTP_PROXY and HTTPS_PROXY) are properly set.
[2026-09-18T02:45:37.210Z][ERROR] Error: Cannot connect to 'packages.unity.com' (error code: ENOTFOUND). Check your internet connection and verify that your environment firewall policies allow connection to this host name. If your system is behind a proxy, verify your proxy environment variables (HTTP_PROXY and HTTPS_PROXY) are properly set.
[2026-09-18T02:45:37.211Z][ERROR] Error: Cannot connect to 'packages.unity.com' (error code: ENOTFOUND). Check your internet connection and verify that your environment firewall policies allow connection to this host name. If your system is behind a proxy, verify your proxy environment variables (HTTP_PROXY and HTTPS_PROXY) are properly set.
[2026-09-18T02:45:37.211Z][ERROR] Error: Cannot connect to 'packages.unity.com' (error code: ENOTFOUND). Check your internet connection and verify that your environment firewall policies allow connection to this host name. If your system is behind a proxy, verify your proxy environment variables (HTTP_PROXY and HTTPS_PROXY) are properly set.
[2026-09-18T02:45:37.214Z][ERROR] Error: Cannot connect to 'packages.unity.com' (error code: ENOTFOUND). Check your internet connection and verify that your environment firewall policies allow connection to this host name. If your system is behind a proxy, verify your proxy environment variables (HTTP_PROXY and HTTPS_PROXY) are properly set.
[2026-09-18T02:45:37.215Z][ERROR] Error: Cannot connect to 'packages.unity.com' (error code: ENOTFOUND). Check your internet connection and verify that your environment firewall policies allow connection to this host name. If your system is behind a proxy, verify your proxy environment variables (HTTP_PROXY and HTTPS_PROXY) are properly set.
[2026-09-18T02:45:37.217Z][ERROR] Error: Cannot connect to 'packages.unity.com' (error code: ENOTFOUND). Check your internet connection and verify that your environment firewall policies allow connection to this host name. If your system is behind a proxy, verify your proxy environment variables (HTTP_PROXY and HTTPS_PROXY) are properly set.
[2026-09-18T02:45:37.219Z][ERROR] Error: Cannot connect to 'packages.unity.com' (error code: ENOTFOUND). Check your internet connection and verify that your environment firewall policies allow connection to this host name. If your system is behind a proxy, verify your proxy environment variables (HTTP_PROXY and HTTPS_PROXY) are properly set.
[2026-09-18T02:45:37.220Z][ERROR] Error: Cannot connect to 'packages.unity.com' (error code: ENOTFOUND). Check your internet connection and verify that your environment firewall policies allow connection to this host name. If your system is behind a proxy, verify your proxy environment variables (HTTP_PROXY and HTTPS_PROXY) are properly set.
[2026-09-18T02:45:37.220Z][ERROR] Error: Cannot connect to 'packages.unity.com' (error code: ENOTFOUND). Check your internet connection and verify that your environment firewall policies allow connection to this host name. If your system is behind a proxy, verify your proxy environment variables (HTTP_PROXY and HTTPS_PROXY) are properly set.
[2026-09-18T02:45:37.221Z][ERROR] Error: Cannot connect to 'packages.unity.com' (error code: ENOTFOUND). Check your internet connection and verify that your environment firewall policies allow connection to this host name. If your system is behind a proxy, verify your proxy environment variables (HTTP_PROXY and HTTPS_PROXY) are properly set.
[2026-09-18T02:45:37.221Z][ERROR] Error: Cannot connect to 'packages.unity.com' (error code: ENOTFOUND). Check your internet connection and verify that your environment firewall policies allow connection to this host name. If your system is behind a proxy, verify your proxy environment variables (HTTP_PROXY and HTTPS_PROXY) are properly set.
[2026-09-18T02:45:37.224Z][INFO] project:list-packages --> 200 (2878 ms)
[2026-09-18T02:45:37.224Z][INFO] project:list-packages --> 200 (2264 ms)
[2026-09-18T02:45:39.543Z][INFO] project:list-packages <-- Request received
params: {}
[2026-09-18T02:45:39.557Z][ERROR] Error: Cannot connect to 'packages.unity.com' (error code: ENOTFOUND). Check your internet connection and verify that your environment firewall policies allow connection to this host name. If your system is behind a proxy, verify your proxy environment variables (HTTP_PROXY and HTTPS_PROXY) are properly set.
[2026-09-18T02:45:39.564Z][ERROR] Error: Cannot connect to 'packages.unity.com' (error code: ENOTFOUND). Check your internet connection and verify that your environment firewall policies allow connection to this host name. If your system is behind a proxy, verify your proxy environment variables (HTTP_PROXY and HTTPS_PROXY) are properly set.
[2026-09-18T02:45:39.567Z][ERROR] Error: Cannot connect to 'packages.unity.com' (error code: ENOTFOUND). Check your internet connection and verify that your environment firewall policies allow connection to this host name. If your system is behind a proxy, verify your proxy environment variables (HTTP_PROXY and HTTPS_PROXY) are properly set.
[2026-09-18T02:45:39.567Z][ERROR] Error: Cannot connect to 'packages.unity.com' (error code: ENOTFOUND). Check your internet connection and verify that your environment firewall policies allow connection to this host name. If your system is behind a proxy, verify your proxy environment variables (HTTP_PROXY and HTTPS_PROXY) are properly set.
[2026-09-18T02:45:39.567Z][ERROR] Error: Cannot connect to 'packages.unity.com' (error code: ENOTFOUND). Check your internet connection and verify that your environment firewall policies allow connection to this host name. If your system is behind a proxy, verify your proxy environment variables (HTTP_PROXY and HTTPS_PROXY) are properly set.
[2026-09-18T02:45:39.567Z][ERROR] Error: Cannot connect to 'packages.unity.com' (error code: ENOTFOUND). Check your internet connection and verify that your environment firewall policies allow connection to this host name. If your system is behind a proxy, verify your proxy environment variables (HTTP_PROXY and HTTPS_PROXY) are properly set.
[2026-09-18T02:45:39.576Z][ERROR] Error: Cannot connect to 'packages.unity.com' (error code: ENOTFOUND). Check your internet connection and verify that your environment firewall policies allow connection to this host name. If your system is behind a proxy, verify your proxy environment variables (HTTP_PROXY and HTTPS_PROXY) are properly set.
[2026-09-18T02:45:39.578Z][ERROR] Error: Cannot connect to 'packages.unity.com' (error code: ENOTFOUND). Check your internet connection and verify that your environment firewall policies allow connection to this host name. If your system is behind a proxy, verify your proxy environment variables (HTTP_PROXY and HTTPS_PROXY) are properly set.
[2026-09-18T02:45:39.585Z][ERROR] Error: Cannot connect to 'packages.unity.com' (error code: ENOTFOUND). Check your internet connection and verify that your environment firewall policies allow connection to this host name. If your system is behind a proxy, verify your proxy environment variables (HTTP_PROXY and HTTPS_PROXY) are properly set.
[2026-09-18T02:45:39.585Z][ERROR] Error: Cannot connect to 'packages.unity.com' (error code: ENOTFOUND). Check your internet connection and verify that your environment firewall policies allow connection to this host name. If your system is behind a proxy, verify your proxy environment variables (HTTP_PROXY and HTTPS_PROXY) are properly set.
[2026-09-18T02:45:39.585Z][ERROR] Error: Cannot connect to 'packages.unity.com' (error code: ENOTFOUND). Check your internet connection and verify that your environment firewall policies allow connection to this host name. If your system is behind a proxy, verify your proxy environment variables (HTTP_PROXY and HTTPS_PROXY) are properly set.
[2026-09-18T02:45:39.586Z][ERROR] Error: Cannot connect to 'packages.unity.com' (error code: ENOTFOUND). Check your internet connection and verify that your environment firewall policies allow connection to this host name. If your system is behind a proxy, verify your proxy environment variables (HTTP_PROXY and HTTPS_PROXY) are properly set.
[2026-09-18T02:45:39.588Z][ERROR] Error: Cannot connect to 'packages.unity.com' (error code: ENOTFOUND). Check your internet connection and verify that your environment firewall policies allow connection to this host name. If your system is behind a proxy, verify your proxy environment variables (HTTP_PROXY and HTTPS_PROXY) are properly set.
[2026-09-18T02:45:39.588Z][ERROR] Error: Cannot connect to 'packages.unity.com' (error code: ENOTFOUND). Check your internet connection and verify that your environment firewall policies allow connection to this host name. If your system is behind a proxy, verify your proxy environment variables (HTTP_PROXY and HTTPS_PROXY) are properly set.
[2026-09-18T02:45:39.589Z][ERROR] Error: Cannot connect to 'packages.unity.com' (error code: ENOTFOUND). Check your internet connection and verify that your environment firewall policies allow connection to this host name. If your system is behind a proxy, verify your proxy environment variables (HTTP_PROXY and HTTPS_PROXY) are properly set.
[2026-09-18T02:45:39.589Z][ERROR] Error: Cannot connect to 'packages.unity.com' (error code: ENOTFOUND). Check your internet connection and verify that your environment firewall policies allow connection to this host name. If your system is behind a proxy, verify your proxy environment variables (HTTP_PROXY and HTTPS_PROXY) are properly set.
[2026-09-18T02:45:39.591Z][ERROR] Error: Cannot connect to 'packages.unity.com' (error code: ENOTFOUND). Check your internet connection and verify that your environment firewall policies allow connection to this host name. If your system is behind a proxy, verify your proxy environment variables (HTTP_PROXY and HTTPS_PROXY) are properly set.
[2026-09-18T02:45:39.592Z][ERROR] Error: Cannot connect to 'packages.unity.com' (error code: ENOTFOUND). Check your internet connection and verify that your environment firewall policies allow connection to this host name. If your system is behind a proxy, verify your proxy environment variables (HTTP_PROXY and HTTPS_PROXY) are properly set.
[2026-09-18T02:45:39.593Z][ERROR] Error: Cannot connect to 'packages.unity.com' (error code: ENOTFOUND). Check your internet connection and verify that your environment firewall policies allow connection to this host name. If your system is behind a proxy, verify your proxy environment variables (HTTP_PROXY and HTTPS_PROXY) are properly set.
[2026-09-18T02:45:39.593Z][ERROR] Error: Cannot connect to 'packages.unity.com' (error code: ENOTFOUND). Check your internet connection and verify that your environment firewall policies allow connection to this host name. If your system is behind a proxy, verify your proxy environment variables (HTTP_PROXY and HTTPS_PROXY) are properly set.
[2026-09-18T02:45:39.593Z][ERROR] Error: Cannot connect to 'packages.unity.com' (error code: ENOTFOUND). Check your internet connection and verify that your environment firewall policies allow connection to this host name. If your system is behind a proxy, verify your proxy environment variables (HTTP_PROXY and HTTPS_PROXY) are properly set.
[2026-09-18T02:45:39.594Z][ERROR] Error: Cannot connect to 'packages.unity.com' (error code: ENOTFOUND). Check your internet connection and verify that your environment firewall policies allow connection to this host name. If your system is behind a proxy, verify your proxy environment variables (HTTP_PROXY and HTTPS_PROXY) are properly set.
[2026-09-18T02:45:39.601Z][ERROR] Error: Cannot connect to 'packages.unity.com' (error code: ENOTFOUND). Check your internet connection and verify that your environment firewall policies allow connection to this host name. If your system is behind a proxy, verify your proxy environment variables (HTTP_PROXY and HTTPS_PROXY) are properly set.
[2026-09-18T02:45:39.603Z][ERROR] Error: Cannot connect to 'packages.unity.com' (error code: ENOTFOUND). Check your internet connection and verify that your environment firewall policies allow connection to this host name. If your system is behind a proxy, verify your proxy environment variables (HTTP_PROXY and HTTPS_PROXY) are properly set.
[2026-09-18T02:45:39.605Z][ERROR] Error: Cannot connect to 'packages.unity.com' (error code: ENOTFOUND). Check your internet connection and verify that your environment firewall policies allow connection to this host name. If your system is behind a proxy, verify your proxy environment variables (HTTP_PROXY and HTTPS_PROXY) are properly set.
[2026-09-18T02:45:39.607Z][ERROR] Error: Cannot connect to 'packages.unity.com' (error code: ENOTFOUND). Check your internet connection and verify that your environment firewall policies allow connection to this host name. If your system is behind a proxy, verify your proxy environment variables (HTTP_PROXY and HTTPS_PROXY) are properly set.
[2026-09-18T02:45:39.608Z][ERROR] Error: Cannot connect to 'packages.unity.com' (error code: ENOTFOUND). Check your internet connection and verify that your environment firewall policies allow connection to this host name. If your system is behind a proxy, verify your proxy environment variables (HTTP_PROXY and HTTPS_PROXY) are properly set.
[2026-09-18T02:45:39.610Z][ERROR] Error: Cannot connect to 'packages.unity.com' (error code: ENOTFOUND). Check your internet connection and verify that your environment firewall policies allow connection to this host name. If your system is behind a proxy, verify your proxy environment variables (HTTP_PROXY and HTTPS_PROXY) are properly set.
[2026-09-18T02:45:39.612Z][ERROR] Error: Cannot connect to 'packages.unity.com' (error code: ENOTFOUND). Check your internet connection and verify that your environment firewall policies allow connection to this host name. If your system is behind a proxy, verify your proxy environment variables (HTTP_PROXY and HTTPS_PROXY) are properly set.
[2026-09-18T02:45:39.614Z][ERROR] Error: Cannot connect to 'packages.unity.com' (error code: ENOTFOUND). Check your internet connection and verify that your environment firewall policies allow connection to this host name. If your system is behind a proxy, verify your proxy environment variables (HTTP_PROXY and HTTPS_PROXY) are properly set.
[2026-09-18T02:45:39.616Z][ERROR] Error: Cannot connect to 'packages.unity.com' (error code: ENOTFOUND). Check your internet connection and verify that your environment firewall policies allow connection to this host name. If your system is behind a proxy, verify your proxy environment variables (HTTP_PROXY and HTTPS_PROXY) are properly set.
[2026-09-18T02:45:39.618Z][ERROR] Error: Cannot connect to 'packages.unity.com' (error code: ENOTFOUND). Check your internet connection and verify that your environment firewall policies allow connection to this host name. If your system is behind a proxy, verify your proxy environment variables (HTTP_PROXY and HTTPS_PROXY) are properly set.
[2026-09-18T02:45:39.620Z][ERROR] Error: Cannot connect to 'packages.unity.com' (error code: ENOTFOUND). Check your internet connection and verify that your environment firewall policies allow connection to this host name. If your system is behind a proxy, verify your proxy environment variables (HTTP_PROXY and HTTPS_PROXY) are properly set.
[2026-09-18T02:45:39.622Z][ERROR] Error: Cannot connect to 'packages.unity.com' (error code: ENOTFOUND). Check your internet connection and verify that your environment firewall policies allow connection to this host name. If your system is behind a proxy, verify your proxy environment variables (HTTP_PROXY and HTTPS_PROXY) are properly set.
[2026-09-18T02:45:39.624Z][ERROR] Error: Cannot connect to 'packages.unity.com' (error code: ENOTFOUND). Check your internet connection and verify that your environment firewall policies allow connection to this host name. If your system is behind a proxy, verify your proxy environment variables (HTTP_PROXY and HTTPS_PROXY) are properly set.
[2026-09-18T02:45:39.626Z][ERROR] Error: Cannot connect to 'packages.unity.com' (error code: ENOTFOUND). Check your internet connection and verify that your environment firewall policies allow connection to this host name. If your system is behind a proxy, verify your proxy environment variables (HTTP_PROXY and HTTPS_PROXY) are properly set.
[2026-09-18T02:45:39.628Z][ERROR] Error: Cannot connect to 'packages.unity.com' (error code: ENOTFOUND). Check your internet connection and verify that your environment firewall policies allow connection to this host name. If your system is behind a proxy, verify your proxy environment variables (HTTP_PROXY and HTTPS_PROXY) are properly set.
[2026-09-18T02:45:39.630Z][ERROR] Error: Cannot connect to 'packages.unity.com' (error code: ENOTFOUND). Check your internet connection and verify that your environment firewall policies allow connection to this host name. If your system is behind a proxy, verify your proxy environment variables (HTTP_PROXY and HTTPS_PROXY) are properly set.
[2026-09-18T02:45:39.632Z][ERROR] Error: Cannot connect to 'packages.unity.com' (error code: ENOTFOUND). Check your internet connection and verify that your environment firewall policies allow connection to this host name. If your system is behind a proxy, verify your proxy environment variables (HTTP_PROXY and HTTPS_PROXY) are properly set.
[2026-09-18T02:45:39.634Z][ERROR] Error: Cannot connect to 'packages.unity.com' (error code: ENOTFOUND). Check your internet connection and verify that your environment firewall policies allow connection to this host name. If your system is behind a proxy, verify your proxy environment variables (HTTP_PROXY and HTTPS_PROXY) are properly set.
[2026-09-18T02:45:39.665Z][ERROR] Error: Cannot connect to 'packages.unity.com' (error code: ENOTFOUND). Check your internet connection and verify that your environment firewall policies allow connection to this host name. If your system is behind a proxy, verify your proxy environment variables (HTTP_PROXY and HTTPS_PROXY) are properly set.
[2026-09-18T02:45:39.668Z][ERROR] Error: Cannot connect to 'packages.unity.com' (error code: ENOTFOUND). Check your internet connection and verify that your environment firewall policies allow connection to this host name. If your system is behind a proxy, verify your proxy environment variables (HTTP_PROXY and HTTPS_PROXY) are properly set.
[2026-09-18T02:45:39.669Z][ERROR] Error: Cannot connect to 'packages.unity.com' (error code: ENOTFOUND). Check your internet connection and verify that your environment firewall policies allow connection to this host name. If your system is behind a proxy, verify your proxy environment variables (HTTP_PROXY and HTTPS_PROXY) are properly set.
[2026-09-18T02:45:39.670Z][ERROR] Error: Cannot connect to 'packages.unity.com' (error code: ENOTFOUND). Check your internet connection and verify that your environment firewall policies allow connection to this host name. If your system is behind a proxy, verify your proxy environment variables (HTTP_PROXY and HTTPS_PROXY) are properly set.
[2026-09-18T02:45:39.670Z][ERROR] Error: Cannot connect to 'packages.unity.com' (error code: ENOTFOUND). Check your internet connection and verify that your environment firewall policies allow connection to this host name. If your system is behind a proxy, verify your proxy environment variables (HTTP_PROXY and HTTPS_PROXY) are properly set.
[2026-09-18T02:45:39.670Z][ERROR] Error: Cannot connect to 'packages.unity.com' (error code: ENOTFOUND). Check your internet connection and verify that your environment firewall policies allow connection to this host name. If your system is behind a proxy, verify your proxy environment variables (HTTP_PROXY and HTTPS_PROXY) are properly set.
[2026-09-18T02:45:39.671Z][ERROR] Error: Cannot connect to 'packages.unity.com' (error code: ENOTFOUND). Check your internet connection and verify that your environment firewall policies allow connection to this host name. If your system is behind a proxy, verify your proxy environment variables (HTTP_PROXY and HTTPS_PROXY) are properly set.
[2026-09-18T02:45:39.672Z][ERROR] Error: Cannot connect to 'packages.unity.com' (error code: ENOTFOUND). Check your internet connection and verify that your environment firewall policies allow connection to this host name. If your system is behind a proxy, verify your proxy environment variables (HTTP_PROXY and HTTPS_PROXY) are properly set.
[2026-09-18T02:45:39.672Z][ERROR] Error: Cannot connect to 'packages.unity.com' (error code: ENOTFOUND). Check your internet connection and verify that your environment firewall policies allow connection to this host name. If your system is behind a proxy, verify your proxy environment variables (HTTP_PROXY and HTTPS_PROXY) are properly set.
[2026-09-18T02:45:39.672Z][ERROR] Error: Cannot connect to 'packages.unity.com' (error code: ENOTFOUND). Check your internet connection and verify that your environment firewall policies allow connection to this host name. If your system is behind a proxy, verify your proxy environment variables (HTTP_PROXY and HTTPS_PROXY) are properly set.
[2026-09-18T02:45:39.673Z][ERROR] Error: Cannot connect to 'packages.unity.com' (error code: ENOTFOUND). Check your internet connection and verify that your environment firewall policies allow connection to this host name. If your system is behind a proxy, verify your proxy environment variables (HTTP_PROXY and HTTPS_PROXY) are properly set.
[2026-09-18T02:45:39.674Z][ERROR] Error: Cannot connect to 'packages.unity.com' (error code: ENOTFOUND). Check your internet connection and verify that your environment firewall policies allow connection to this host name. If your system is behind a proxy, verify your proxy environment variables (HTTP_PROXY and HTTPS_PROXY) are properly set.
[2026-09-18T02:45:39.674Z][ERROR] Error: Cannot connect to 'packages.unity.com' (error code: ENOTFOUND). Check your internet connection and verify that your environment firewall policies allow connection to this host name. If your system is behind a proxy, verify your proxy environment variables (HTTP_PROXY and HTTPS_PROXY) are properly set.
[2026-09-18T02:45:39.675Z][ERROR] Error: Cannot connect to 'packages.unity.com' (error code: ENOTFOUND). Check your internet connection and verify that your environment firewall policies allow connection to this host name. If your system is behind a proxy, verify your proxy environment variables (HTTP_PROXY and HTTPS_PROXY) are properly set.
[2026-09-18T02:45:39.675Z][ERROR] Error: Cannot connect to 'packages.unity.com' (error code: ENOTFOUND). Check your internet connection and verify that your environment firewall policies allow connection to this host name. If your system is behind a proxy, verify your proxy environment variables (HTTP_PROXY and HTTPS_PROXY) are properly set.
[2026-09-18T02:45:39.675Z][ERROR] Error: Cannot connect to 'packages.unity.com' (error code: ENOTFOUND). Check your internet connection and verify that your environment firewall policies allow connection to this host name. If your system is behind a proxy, verify your proxy environment variables (HTTP_PROXY and HTTPS_PROXY) are properly set.
[2026-09-18T02:45:39.676Z][ERROR] Error: Cannot connect to 'packages.unity.com' (error code: ENOTFOUND). Check your internet connection and verify that your environment firewall policies allow connection to this host name. If your system is behind a proxy, verify your proxy environment variables (HTTP_PROXY and HTTPS_PROXY) are properly set.
[2026-09-18T02:45:39.676Z][ERROR] Error: Cannot connect to 'packages.unity.com' (error code: ENOTFOUND). Check your internet connection and verify that your environment firewall policies allow connection to this host name. If your system is behind a proxy, verify your proxy environment variables (HTTP_PROXY and HTTPS_PROXY) are properly set.
[2026-09-18T02:45:39.677Z][INFO] project:list-packages --> 200 (134 ms)
[2026-09-18T02:47:23.253Z][INFO] project:list-packages <-- Request received
params: {}
[2026-09-18T02:47:26.509Z][INFO] project:list-packages --> 200 (3256 ms)
[2026-09-18T04:31:27.003Z][INFO] packages:get-packageinfo <-- Request received
params: {
  "packageId": "com.unity.collab-proxy"
}
[2026-09-18T04:31:27.787Z][INFO] packages:get-packageinfo --> 200 (784 ms)
[2026-09-18T04:54:28.302Z][INFO] project:list-packages <-- Request received
params: {}
[2026-09-18T04:54:28.898Z][INFO] project:list-packages <-- Request received
params: {}
[2026-09-18T04:54:31.765Z][INFO] project:list-packages --> 200 (2867 ms)
[2026-09-18T04:54:31.766Z][INFO] project:list-packages --> 200 (3465 ms)
[2026-09-18T04:54:32.929Z][INFO] project:list-packages <-- Request received
params: {}
[2026-09-18T04:54:32.998Z][INFO] project:list-packages --> 200 (69 ms)
[2026-09-18T04:54:33.302Z][INFO] project:list-packages <-- Request received
params: {}
[2026-09-18T04:54:33.357Z][INFO] project:list-packages --> 200 (55 ms)
[2026-09-18T04:54:33.935Z][INFO] project:list-packages <-- Request received
params: {}
[2026-09-18T04:54:33.990Z][INFO] project:list-packages --> 200 (55 ms)
[2026-09-18T04:54:34.360Z][INFO] project:list-packages <-- Request received
params: {}
[2026-09-18T04:54:34.414Z][INFO] project:list-packages --> 200 (54 ms)
[2026-09-18T06:48:06.235Z][INFO] packages:get-packageinfo <-- Request received
params: {
  "packageId": "com.unity.dedicated-server"
}
[2026-09-18T06:48:06.253Z][INFO] packages:get-packageinfo <-- Request received
params: {
  "packageId": "com.unity.purchasing"
}
[2026-09-18T06:48:06.254Z][INFO] packages:get-packageinfo <-- Request received
params: {
  "packageId": "com.unity.xr.openxr"
}
[2026-09-18T06:48:06.260Z][INFO] packages:get-packageinfo <-- Request received
params: {
  "packageId": "com.meta.xr.sdk.all"
}
[2026-09-18T06:48:06.268Z][INFO] packages:get-packageinfo <-- Request received
params: {
  "packageId": "com.meta.xr.sdk.core"
}
[2026-09-18T06:48:06.278Z][INFO] packages:get-packageinfo <-- Request received
params: {
  "packageId": "com.meta.xr.sdk.audio"
}
[2026-09-18T06:48:06.288Z][INFO] packages:get-packageinfo <-- Request received
params: {
  "packageId": "com.meta.xr.sdk.haptics"
}
[2026-09-18T06:48:06.302Z][INFO] packages:get-packageinfo <-- Request received
params: {
  "packageId": "com.meta.xr.sdk.interaction"
}
[2026-09-18T06:48:06.309Z][INFO] packages:get-packageinfo <-- Request received
params: {
  "packageId": "com.meta.xr.sdk.interaction.ovr"
}
[2026-09-18T06:48:06.320Z][INFO] packages:get-packageinfo <-- Request received
params: {
  "packageId": "com.meta.xr.sdk.platform"
}
[2026-09-18T06:48:06.331Z][INFO] packages:get-packageinfo <-- Request received
params: {
  "packageId": "com.meta.xr.sdk.voice"
}
[2026-09-18T06:48:06.342Z][INFO] packages:get-packageinfo <-- Request received
params: {
  "packageId": "com.meta.xr.simulator"
}
[2026-09-18T06:48:06.353Z][INFO] packages:get-packageinfo <-- Request received
params: {
  "packageId": "com.meta.xr.mrutilitykit"
}
[2026-09-18T06:48:06.364Z][INFO] packages:get-packageinfo <-- Request received
params: {
  "packageId": "com.unity.xr.androidxr-openxr"
}
[2026-09-18T06:48:06.376Z][INFO] packages:get-packageinfo <-- Request received
params: {
  "packageId": "com.unity.android.render-service"
}
[2026-09-18T06:48:06.771Z][INFO] packages:get-packageinfo --> 200 (537 ms)
[2026-09-18T06:48:06.999Z][INFO] packages:get-packageinfo --> 200 (711 ms)
[2026-09-18T06:48:07.000Z][INFO] packages:get-packageinfo --> 200 (691 ms)
[2026-09-18T06:48:07.002Z][INFO] packages:get-packageinfo --> 200 (671 ms)
[2026-09-18T06:48:07.004Z][INFO] packages:get-packageinfo --> 200 (736 ms)
[2026-09-18T06:48:07.005Z][INFO] packages:get-packageinfo --> 200 (727 ms)
[2026-09-18T06:48:07.012Z][INFO] packages:get-packageinfo --> 200 (752 ms)
[2026-09-18T06:48:07.012Z][INFO] packages:get-packageinfo --> 200 (659 ms)
[2026-09-18T06:48:07.022Z][INFO] packages:get-packageinfo --> 200 (680 ms)
[2026-09-18T06:48:07.035Z][INFO] packages:get-packageinfo --> 200 (715 ms)
[2026-09-18T06:48:07.239Z][INFO] packages:get-packageinfo --> 200 (875 ms)
[2026-09-18T06:48:07.254Z][INFO] packages:get-packageinfo --> 200 (1000 ms)
[2026-09-18T06:48:07.259Z][INFO] packages:get-packageinfo --> 200 (1006 ms)
[2026-09-18T06:48:07.402Z][INFO] packages:get-packageinfo --> 404 (1026 ms)
[2026-09-18T06:48:07.725Z][INFO] packages:get-packageinfo --> 200 (1423 ms)
[2026-09-18T06:54:29.346Z][INFO] project:list-packages <-- Request received
params: {}
[2026-09-18T06:54:29.836Z][INFO] project:list-packages <-- Request received
params: {}
[2026-09-18T06:54:33.260Z][INFO] project:list-packages --> 200 (3914 ms)
[2026-09-18T06:54:33.260Z][INFO] project:list-packages --> 200 (3424 ms)
[2026-09-18T06:54:34.339Z][INFO] project:list-packages <-- Request received
params: {}
[2026-09-18T06:54:34.423Z][INFO] project:list-packages --> 200 (84 ms)
[2026-09-18T06:54:34.939Z][INFO] project:list-packages <-- Request received
params: {}
[2026-09-18T06:54:35.024Z][INFO] project:list-packages --> 200 (85 ms)
